Title,Author,Status
Goat Brothers,"By Colton, Larry",Currently Reading
The Missing Person,"By Grumbach, Doris",Read
Don't Eat Your Heart Out Cookbook,"By Piscatella, Joseph C.",Read
When Your Corporate Umbrella Begins to Leak: A Handbook for White Collar Re-Employment,"By Davis, Paul D.",Want to Read
Amy Spangler's Breastfeeding : A Parent's Guide,"By Spangler, Amy",Currently Reading
The Foundation of Leadership: Enduring Principles to Govern Our Lives,"By Short, Bo",Currently Reading
Chicken Soup for the Soul: 101 Stories to Open the Heart and Rekindle the Spirit,"By Canfield, Jack (COM) and Hansen, Mark Victor (COM)",Read
Journey Through Heartsongs,"By Stepanek, Mattie J. T.",Currently Reading
In Search of Melancholy Baby,"By Aksyonov, Vassily, Heim, Michael Henry, and Bouis, Antonina W.",Currently Reading
Christmas Cookies,"By Eakin, Katherine M. and Deaman, Joane (EDT)",Want to Read
The Dieter's Guide to Weight Loss During Sex,"By Smith, Richard",Currently Reading
Germs : Biological Weapons and America's Secret War,"By Miller, Judith, Engelberg, Stephen, and Broad, William J.",Currently Reading
The Genesis of Ethics,"By Visotzky, Burton L.",Want to Read
The Good Book: Reading the Bible with Mind and Heart,"By Gomes, Peter J.",Want to Read
All over but the Shoutin',"By Bragg, Rick",Read
Oilers and Sweepers and Other Stories,"By Dennison, George",Want to Read
Prince William,"By Garner, Valerie",Want to Read
The Emperor's New Mind,"By Penrose, Roger",Want to Read
Touching Fire: Erotic Writings by Women,"By Thornton, Louise, Sturtevant, Jan, and Sumrall, Amber Coverdale (EDT)",Currently Reading
Hill Rat: Blowing the Lid Off Congress,"By Jackley, John L.",Read
The Great ABC Treasure Hunt: A Hidden Picture Alphabet Book (Time-Life Early Learning Program),"By Time-Life for Children (Firm) (COR), Singer, Muff, and Hoggan, Pat (ILT)",Want to Read
Personality of the Cat,"By Aymar, Brandt (EDT)",Want to Read
Murdering Mr. Monti: A Merry Little Tale of Sex and Violence,"By Viorst, Judith",Currently Reading
In Re Alger Hiss:  Petition for a Writ of Error Coram Nobis,By Edith Tiger,Want to Read
Black Holes and Baby Universes and Other Essays,"By Hawking, Stephen W.",Currently Reading
Relativity: The Special and the General Theory,By Albert Einstein,Currently Reading
Betrayal : How the Clinton Administration Undermined American Security,"By Gertz, Bill",Currently Reading
Shadow Song,"By Kay, Terry",Currently Reading
Undercurrents: A Therapist's Reckoning With Her Own Depression,"By Manning, Martha",Want to Read
The Road Less Traveled and Beyond: Spiritual Growth in an Age of Anxiety,"By Peck, M. Scott",Read
The Kiss: A Memoir,"By Harrison, Kathryn",Want to Read
Codebreakers' Victory: How the Allied Cryptogaphers Won World War II,"By Haufler, Hervie",Want to Read
"A Manual for Writers of Term Papers, Theses, and Dissertations, Fifth Edition","By Turabian, Kate L.",Read
"The Price of Loyalty: George W. Bush, the White House, and the Education of Paul O'Neill","By Suskind, Ron",Want to Read
Best New American Voices 2003,"By Kulka, John (EDT), Danford, Natalie (EDT), and Oates, Joyce Carol (EDT)",Read
Escape from the CIA: How the CIA Won and Lost the Most Important KGB Spy Ever to Defect to the U.S.,"By Kessler, Ronald",Currently Reading
Meditations: On the Monk Who Dwells in Daily Life,"By Moore, Thomas",Read
Links Lore,"By Stevens, Peter F.",Read
Jackie by Josie: A Novel,"By Preston, Caroline",Currently Reading
Joshua and the City,"By Girzone, Joseph F.",Read
The Book of Courtly Love: The Passionate Code of the Troubadours,"By Hopkins, Andrea",Read
How Good Do We Have to Be? A New Understanding of Guilt and Forgiveness,"By Kushner, Harold S.",Read
"Eat More, Weigh Less: Dr. Dean Ornish's Life Choice Program for Losing Weight Safely While Eating Abundantly","By Ornish, Dean and Brown, Shirley Elizabeth (EDT)",Currently Reading
Majorca: Culture and Life,By Konemann Inc. (EDT),Currently Reading
Written by Herself: Autobiographies of American Women: An Anthology,"By Conway, Jill Ker (EDT)",Currently Reading
The Universe of Galaxies,"By Hodge, Paul",Want to Read
Ice Bound: A Doctor's Incredible Battle For Survival at the South Pole,"By Nielsen, Jerri and Vollers, Maryanne",Currently Reading
Healing Benefits of Garlic,"By Heinerman, John",Read
Me and Ted Against the World : The Unauthorized Story of the Founding of CNN,"By Schonfeld, Reese",Currently Reading
Magnet Therapy: The Pain Cure Alternative,"By Lawrence, Ronald Melvin, Plowden, Judith, and Rosch, Paul",Currently Reading
Controlling Cholesterol: Dr. Kenneth H. Cooper's Preventative Medicine Program,"By Cooper, Kenneth H.",Currently Reading
George Meany And His Times: A Biography,"By Robinson, Archie",Want to Read
American Dreams: Lost & Found,"By Terkel, Studs",Read
Sharing the Pie : A Citizen's Guide to Wealth and Power,"By Brodner, Steve (ILT) and Brouwer, Steve",Read
"Love, Love, and Love","By Bernhard, Sandra",Read
Conflicting Accounts: The Creation and Crash of the Saatchi and Saatchi Advertising Empire,"By Goldman, Kevin",Currently Reading
What Went Wrong at Enron: Everyone's Guide to the Largest Bankruptcy in U.S. History,"By Fusaro, Peter C. and Miller, Ross M.",Currently Reading
"The Addictive Organization: Why We Overwork, Cover Up, Pick Up the Pieces, Please the Boss, and Perpetuate S","By Schaef, Anne Wilson and Fassel, Diane",Currently Reading
From the Silent Earth: A Report on the Greek Bronze Age,By Joseph Alsop,Want to Read
Panic Disorder and Its Treatment (Medical Psychiatry Series),"By Pollack, Mark H. (EDT) and Rosenbaum, J. F. (EDT)",Currently Reading
Henry VIII (English Monarchs Series),"By Scarisbrick, J. J.",Want to Read
The Moral Intelligence of Children,"By Coles, Robert",Want to Read
"Concordance to the New English Bible, New Testament,","By Elder, E",Currently Reading
Life at the Edge: Readings from Scientific American Magazine,"By Gould, James L. and Gould, Carol Grant (EDT)",Want to Read
Cook Healthy: Cook Quick,"By Wesler, Cathy A.",Want to Read
Images Of War: The Artist's Vision of World War II,"By McCormick, Ken",Read
Becoming Soul Mates: Cultivating Spiritual Intimacy in the Early Years of Marriage,"By Parrott, Les",Want to Read
Care of the Soul : A Guide for Cultivating Depth and Sacredness in Everyday Life,"By Moore, Thomas",Want to Read
Victims of Progress,"By Bodley, John H.",Want to Read
Inside the Tornado: Marketing Strategies from Silicon Valley's Cutting Edge,"By Moore, Geoffrey A.",Currently Reading
Sunset at Rosalie: A Novel,"By McLaughlin, Ann L.",Currently Reading
"The Girlfriends' Guide to Surviving the First Year of Motherhood, Packaging May Vary","By Iovine, Vicki",Want to Read
"Sherlock Holmes and the Red Demon by John H. Watson, M.D.","By Watson, John H. and Millett, Larry (EDT)",Want to Read
"New Lands, New Men","By Goetzmann, William H.",Read
Reinventing Government: How the Entrepreneurial Spirit is Transforming the Public Sector (Plume),"By Osborne, David and Gaebler, Ted",Read
Proverbs For The People,"By Price-Thompson, Tracy (EDT) and Stovall, Taressa (EDT)",Read
Great American Countryside,"By Landi, Val",Read
Rob Whitlock: A Pioneer Boy in Old Ohio,"By Jackson, Kathryn",Want to Read
British Hospitals (Britain in Pictures),By A. G. L. Ives,Read
An essay on morals,"By Wylie, Philip",Currently Reading
"Kid, You Sing My Songs of Love, and Loss, and Hope","By Wyse, Lois and Rogers, Lilla (ILT)",Currently Reading
Re-Inventing the Corporation: Transforming Your Job and Your Company for the New Information Society,"By Naisbitt, John and Aburdene, Patricia",Want to Read
A Sister Is Forever: A Blue Mountain Arts Collection for One of the Most Beautiful People You'll Ever Know,"By Morris, Gary (EDT) and Blue Mountain Arts Collection (COR)",Want to Read
The Practical Stylist,"By Baker, Sheridan Warner",Read
The Periodic Kingdom: A Journey Into The Land Of The Chemical Elements (Science Masters Series),"By Atkins, P. W.",Currently Reading
Titanic,"By Kirkland, Douglas, Marsh, Ed W., and Kirkland, Douglas (PHT)",Want to Read
A Woman of Egypt,"By Sadat, Jehan",Read
Civilization III: Instruction Manual,"By Meier, Sid",Read
"Alcatraz '46;: The anatomy of a classic prison tragedy,","By Don DeNevi, Philip Bergen",Want to Read
Elvis in the Morning,"By Buckley, William F.",Want to Read
"Fat Free, Flavor Full: Dr. Gabe Mirkin's Guide to Losing Weight and Living Longer","By Mirkin, Gabe and Rich, Diana",Currently Reading
White Gold Wielder - Book Three of The Second Chronicles of Thomas Covenant,"By Donaldson, Stephen R.",Want to Read
From Image to Likeness: A Jungian Path in the Gospel Journey,"By Grant, W. Harold, Thompson, Magdala, and Clarke, Thomas E.",Read
ON THE WING: The Life of Birds: From Feathers to Flight,"By Brooks, Bruce",Want to Read
Bringing Down the House: The Inside Story of Six M.I.T. Students Who Took Vegas for Millions,"By Mezrich, Ben",Want to Read
Future Space: Beyond Earth,"By Quigley, Sebastian (ILT) and Jefferis, David",Currently Reading
"The young Jefferson, 1743-1789,","By Bowers, Claude Gernade",Want to Read
"Mayo Clinic On Hearing: Strategies for Managing Hearing Loss, Dizziness and Other Ear Problems (""MAYO CLINIC ON"" SERIES)","By Olsen, Wayne, Ph.D. (EDT)",Read
"Trust Me, Mom-Everyone Else Is Going!: The New Rules for Mothering Adolescent Girls","By Cohen-Sandler, Roni, Ph.D.",Read
I Hate School: How to Hang in and When to Drop Out,"By Wirths, Claudine G. and Bowman-Kruhm, Mary",Currently Reading
The Quotable Ronald Reagan,"By Reagan, Ronald and Hannaford, Peter",Currently Reading
"Rooster crows for day,","By Burman, Ben Lucien",Currently Reading
Leadership Is an Art,"By De Pree, Max",Read
What's Going On?: Personal Essays,"By McCall, Nathan",Want to Read
Dark Fields of the Republic: Poems 1991-1995,"By Rich, Adrienne Cecile",Want to Read
Creating an Inclusive School,"By Villa, Richard A. (EDT) and Thousand, Jacqueline S. (EDT)",Read
Edit Yourself : A manual for everyone who works with words,"By Ross-Larson, Bruce",Currently Reading
Standing for Something: 10 Neglected Virtues That Will Heal Our Hearts and Homes,"By Hinckley, Gordon B. and Wallace, Mike (FRW)",Currently Reading
North Carolina Ghosts and Legends,"By Roberts, Nancy",Read
Balkan Odyssey a personal account of the international peace efforts following the breakup of the former Yugoslavia,"By Owen, David",Currently Reading
Straight Talk about Death for Teenagers: How to Cope with Losing Someone You Love,"By Grollman, Earl A.",Want to Read
Understanding Thomas Jefferson,"By Halliday, E. M.",Read
"Hey Mom! I'm Hungry!: Great-Tasting, Low-Fat, Easy Recipes to Feed Your Family","By Powter, Susan",Want to Read
"Changes in the Land: Indians, Colonists and the Ecology of New England","By Cronon, William",Currently Reading
An East Wind Coming,By Arthur Byron Cover,Read
Going the Other Way: Lessons from a Life In and Out of Major League Baseball,"By Bean, Billy and Bull, Chris",Read
Consider Your Options: Get the Most from Your Equity Compensation,"By Thomas, Kaye A.",Read
Molecular Cell Biology,"By Lodish, Harvey F., Baltimore, David, and Berk, Arnold (CON)",Want to Read
Majendie's Cat,"By Fowlkes, Frank V.",Currently Reading
First Things First,"By Covey, Stephen R., Merrill, A. Roger, and Merrill, Rebecca R.",Want to Read
Best Friends: The True Story of the World's Most Beloved Animal Sanctuary,"By Glen, Samantha and Moore, Mary Tyler (INT)",Read
"Prudens futuri: The US Army War College, 1901-1967","By Pappas, George S.",Currently Reading
Joshua: A Parable for Today,"By Girzone, Joseph F.",Currently Reading
Things Not Seen and Other Stories,"By Williams, Lynna",Want to Read
Putting the One Minute Manager to Work: How to Turn the 3 Secrets into Skills,"By Blanchard, Kenneth H. and Lorber, Robert",Currently Reading
The Spiritual Life of Children,"By Coles, Robert",Read
Constancia and Other Stories for Virgins,"By Fuentes, Carlos and Christensen, Thomas (TRN)",Want to Read
May I Have This Dance?,"By Rupp, Joyce and Veeder, Judith (ILT)",Read
"Meditations from Conversations with God: An Uncommon Dialogue, Book 1 (Conversations with God Series)","By Walsch, Neale Donald",Want to Read
Washington bowed,"By McKeldin, Theodore R",Currently Reading
Chagall,"By Compton, Susan P.",Currently Reading
Ride a Pale Horse,"By MacInnes, Helen",Read
Listening to Prozac: A Psychiatrist Explores Antidepressant Drugs and the Remaking of the Self,"By Kramer, Peter D.",Currently Reading
"The Big Garage on Clear Shot: Growing Up, Growing Old, and Going Fishing at the End of the Road","By Bodett, Tom",Read
Life Stories,"By Newbold, Heather (EDT)",Currently Reading
Houghton Mifflin Invitations to Literature: Student Anthology Level 1.3 Share 1997 (Invitations to Lit 1997),By Hm (COR),Want to Read
Grow Greener: Ten Steps to a Richer Life,"By Hoxton, Rob",Want to Read
"Frames of Reference: Looking at American Art, 1900-1950: Works from the Whitney Museum of American Art","By Fraser, Kennedy, Whitney Museum of American Art (COR), Weinberg, Adam D., and Venn, Beth",Currently Reading
Remembering Main Street: An American Album,"By Ross, Pat",Read
Spicy,"By Hayes, Alan",Read
Pope John Paul II,"By Szulc, Tad",Read
"The Virgin Homeowner: The Essential Guide to Owning, Maintaining, and Surviving Your Home","By Papolos, Janice",Want to Read
"Fight Fat After Forty: The Revolutionary Three-Pronged Approach That Will Break Your Stress-Fat Cycle and Make You Healthy, Fit, and Trim for Life","By Peeke, Pamela",Read
Leadership Presence,"By Halpern, Belle Linda and Lubar, Kathy",Read
The Golden Christmas Tree,"By Weisgard, Leonard (ILT) and Wahl, Jan",Want to Read
The Age of Uncertainty,"By Galbraith, John Kenneth",Read
Global Literacies: Lessons on Business Leadership and National Cultures,"By Rosen, Robert (EDT), Digh, Patricia, Singer, Marshall, and Phillips, Carl",Want to Read
Results: The Key to Continuous School Improvement,"By Schmoker, Michael J.",Currently Reading
Trailside Guide: Fly Fishing,"By Hildebrand, Ron (ILT) and Merwin, John",Currently Reading
I Wish I Had a Red Dress,"By Cleage, Pearl",Want to Read
The economics of macro issues,"By Miller, Roger LeRoy",Currently Reading
Family Guide to Natural Medicine,By Reader's Digest Association,Currently Reading
Killer Diller,"By Edgerton, Clyde",Currently Reading
Herbal Medicine,"By Buchman, Dian Dincin",Read
The Visitation,"By Reidy, Sue",Want to Read
Big Kitchen Instruction Book,"By Zemke, Deborah (ILT) and Brown, Rosemary Carleton",Want to Read
"One World, One Heart",By Susan Polis Schutz,Read
Reengineering the Corporation,"By Hammer, Michael and Champy, James",Currently Reading
What My Parents Did Right,"By Gaither, Gloria (COM)",Want to Read
The Man's Health Sourcebook,"By Dashe, Alfred M.",Read
High Tech Illustration,"By Martin, Judy",Want to Read
Chinese Roundabout: Essays in History and Culture,"By Spence, Jonathan D.",Read
"Behind closed doors;: The secret history of the cold war,","By Zacharias, Ellis M",Currently Reading
"Production & Operations Management : Quality, Performance, and Value","By Evans, James R.",Want to Read
Shackleton's Boat Journey,"By Worsley, Frank Arthur",Want to Read
An Atlas of the Difficult World: Poems 1988-1991,"By Rich, Adrienne Cecile",Currently Reading
Are You Considering Psychoanalysis?,"By Horney, Karen (EDT)",Read
"The Splendid Century: French Art: 1600-1715 - exhibition at The National Gallery of Art,  The Toledo Museum of Art, The Metropolitan Museum of Art, 1960-1961",By Text by Theodore Rousseau,Read
Blue Guide: Oxford and Cambridge (Blue Guides (Only Op)),By Geoffrey Tyack,Currently Reading
Daughter of Regals & Other Tales,"By Donaldson, Stephen R.",Currently Reading
Get Thee To a Punnery,"By Lederer, Richard",Currently Reading
Too Young to Retire: 101 Ways To Start The Rest of Your Life,"By Stone, Howard and Stone, Marika",Read
Zillionaire's Daughter,"By Sorel, Edward",Read
Macintosh programming primer,"By Mark, David, Reed, Cartwright",Read
Ireland's Women: Writings Past and Present,"By Kennelly, Brendan, Donovan, Katie, and Jeffares, A. Norman",Currently Reading
Currier and Ives Four Seasons Cookbook,By NATAHANIEL CURRIER and JAMES MERRITT,Read
Testimonies: A Novel,"By O'Brian, Patrick",Currently Reading
"Career Guide: Opportunities and Resources for You (The Ebony Success Library, V. 3)",By Ebony,Want to Read
The downy waterfowl of North America,By Colleen Helgeson Nelson,Read
Cooking for Jack,"By Nicholson, Jack, Baratta, Tommy, Baratta, Marylou, and Nicholson, Jack (INT)",Read
How to Become a Successful Consultant in Your Own Field,By Prima,Read
"Sophie Du Pont: A Young Lady in America : Sketches, Diaries, and Letters, 1823-1833","By Low, Betty-Bright and Hinsley, Jacqueline",Read
MBO for nonprofit organizations,"By McConkey, Dale D",Currently Reading
"The Wrinkle Cure: Unlock the Power of Cosmeceuticals for Supple, Youthful Skin","By Perricone, Nicholas",Want to Read
Step-By-Step Container Gardening: 50 Recipes for Creating Glorious Pots and Boxes,"By Donaldson, Stephanie",Want to Read
The New Grove Modern Masters (Composer Biography Series),"By Lampert, Vera, Kemp, Ian, White, Eric White",Read
City of Gold,"By Deighton, Len",Currently Reading
Mother of Pearl,"By Haynes, Melinda",Want to Read
Icons,"By Winthrop, Caroline",Read
The View from a Monastery,"By Tvedten, Benet",Currently Reading
Who Needs God,"By Kushner, Harold S.",Read
Loving Thoughts,"By Rice, Helen Steiner",Currently Reading
Kirkpatrick Mission (Diplomacy Wo Apology Ame at the United Nations 1981 to 85,"By Gerson, Allan",Want to Read
Bringing up Kids American Style,"By Novello, Joseph",Want to Read
Maryland Today,"By Bard, Harry",Read
Deployment: Hiding Behind Power Struggles as a Character Defense (Psychoanalytic Therapy Series),"By Moses-Hrushovski, Rena",Want to Read
The Final Days,"By Bernstein, Carl and Woodward, Bob",Want to Read
James Herriot: The Life of a Country Vet,"By Lord, Graham",Want to Read
The Lisle Letters: An Abridgement,"By Byrne, Muriel St. Clare (EDT)",Read
The White Man's Burden: Historical Origins of Racism in the United States (Galaxy Books),"By Jordan, Winthrop D.",Currently Reading
WORDS FOR EVERYDAY ANIMALS (Words for Everyday),"By Davenport, Zoe",Want to Read
A birthday gift for Mommi,"By Beers, V. Gilbert",Currently Reading
Vision: A Personal Call to Create a New World,"By Carey, Ken",Want to Read
"Three Essays: On Liberty, Representative Government, The Subjection of Women","By Mill, John Stuart and Stillinger, Jack (EDT)",Currently Reading
The Mozart Companion a Symposium by leading Mozart Scholar,"By Landon, Harold R.",Read
Joshua and the Children: A Parable,By Joseph F. Girzone,Currently Reading
Red Square,"By Smith, Martin Cruz",Currently Reading
Buffalo Gordon,"By Lewis, J. P. Sinclair",Read
Certain Poor Shepherds: A Christmas Tale,"By Thomas, Elizabeth Marshall and Davidson, Andrew (ILT)",Want to Read
The New Building Your Mate's Self-Esteem,"By Rainey, Dennis and Rainey, Barbara",Currently Reading
Rogue Regimes: Terrorism and Proliferation,"By Tanter, Raymond",Want to Read
"The Abuse Excuse: And Other Cop-Outs, Sob Stories, and Evasions of Responsibility","By Dershowitz, Alan M.",Currently Reading
Houghton Mifflin Invitations to Literature: Student Anthology Level 1.4 Surprise 1997 (Invitations to Lit 1997),By Hm (COR),Read
The Pharaohs of Ancient Egypt (Megascope Series),"By Derouin, Claire",Currently Reading
1776-1976: Zweihundert Jahre deutsch-amerikanische Beziehungen = two hundred years of German-American relations : eine Dokumentation (German Edition),"By Piltz, Thomas",Want to Read
Dannybird,By Philip Macht,Want to Read
Technical Manual and Dictionary of Classical Ballet (Dover Books on Dance),"By Grant, Gail",Currently Reading
Life and Death in Shanghai,"By Cheng, Nien",Currently Reading
100 Favorite Roses (100 Favorite Series),"By Dunn, Teri",Read
All Around The Town,"By Clark, Mary Higgins",Read
New World Visions of Household Gods and Sacred Places: American Art and the Metropolitan Museum of Art 1650-1914,"By Scully, Vincent",Currently Reading
New Stories from the South 2001: The Year's Best,"By Ravenel, Shannon",Read
Orchids as House Plants,"By Northen, Rebecca Tyson",Want to Read
The History of the American Sailing Navy: The Ships and Their Development,"By Chapelle, Howard Irving",Currently Reading
"The Experience of Opera (Norton Library, N706)","By Lang, Paul Henry",Want to Read
The pattern of Soviet power,"By Snow, Edgar",Read
"The World of Science Fiction, 1926-1976: The History of a Subculture","By Del Rey, Lester",Want to Read
Passionate Paradox; the Life of Marie Stopes,"By briant, keith",Want to Read
The Law,"By Vailland, Roger",Read
Horsewatching: Why does a horse whinny and everything else you ever wanted to know,"By Morris, Desmond",Currently Reading
Linda Mccartney's Home Cooking,"By McCartney, Linda",Read
Herblock's special for today,"By Block, Herbert",Want to Read
Beginners Cookbook (Home Library),By,Read
Ghost Light: A Memoir,"By Rich, Frank",Currently Reading
The Sands of Time: A Hermux Tantamoq Adventure,"By Hoeye, Michael",Want to Read
Murder at the Pentagon,"By Truman, Margaret",Currently Reading
The Goomba's Book of Love,"By Schirripa, Steve and Fleming, Charles",Read
Stanley Elkin's Greatest Hits,"By Elkin, Stanley",Currently Reading
Griffin & Sabine: An Extraordinary Correspondence,"By Bantock, Nick",Want to Read
"Wine in Everyday Cooking: ""Cooking with Wine for Family and Friends""","By Ballard, Patricia",Want to Read
Leading Lady: The World and Theatre of Katharine Cornell,"By Mosel, Ted",Currently Reading
Invasion of the Mind Swappers From Asteroid 6!,"By Helquist, Brett (ILT) and Howe, James",Read
The march of democracy,"By Adams, James Truslow",Want to Read
Einstein's Monsters,"By Amis, Martin",Currently Reading
How To Live Through A Bad Day: 7 Powerful Insights From Christ's Words on the Cross,"By Hayford, Jack W.",Want to Read
The Ideals Country Kitchen Cookbook,By Kronschnab,Read
The Passenger from Scotland Yard: A Victorian Detective Novel,"By Wood, H. Freeman",Currently Reading
The 27-Ingredient Chili Con Carne Murders,"By Pickard, Nancy",Read
Looking for Alaska,"By Jenkins, Peter",Read
Give Us This Day,"By Tudor, Tasha (ILT)",Currently Reading
Crossing Over Jordan,"By Brown, Linda Beatrice",Want to Read
Sculpture & carving at Washington Cathedral,"By Feller, Richard T",Want to Read
When Birds Could Talk And Bats Could Sing,"By Moser, Barry (ILT) and Hamilton, Virginia",Read
Line of Fire: Continuing the Saga of the Corps,"By Griffin, W. E. B.",Currently Reading
Sun and Shadow,"By Green, Julie",Currently Reading
Heartstring Quilts: Quilts Made Easy (Quilting),By,Currently Reading
Crooked Hearts,"By Boswell, Robert",Want to Read
The Lower Depths and Other Plays,"By Gorky, Maksim",Want to Read
Chanticleer;: The poems of Terry Wise,By Terry Wise,Currently Reading
You Know You're A Republican/Democrat If...,"By Benjamin, Frank",Want to Read
From Mama's Kitchen,"By Smith, Catharine P. (EDT)",Currently Reading
The Silence Now: New and Uncollected Early Poems,"By Sarton, May",Want to Read
Especially for Mothers,"By Rice, Helen Steiner",Read
The Big Bite Book of Pizzas,"By Jansz, Meg",Want to Read
Stories In An Almost Classical Mode,"By Brodkey, Harold.",Currently Reading
Princess Margaret,"By Hope, Alice",Want to Read
M'sieu Robin : Lyrics and legends of Jean Baptiste and his friends,By Wallace Bruce Amsbary,Want to Read
With or Without and Other Stories,"By Dickinson, Charles",Want to Read
Parenting Isn't for Cowards: Dealing Confidently With the Frustrations of Child-Rearing,"By Dobson, James C.",Read
Frisky Business: All About Being Owned by a Cat,"By Brethwaite, Chris, Ahern, Lee Ann, and Bridgeman, Bill et al",Read
The Seacoast of Bohemia,"By Freeling, Nicolas",Read
The Arrival Kit: A Guide for your Journey in the Kingdom of God,By Ralph W. Neighbour Jr.,Read
The Catholic Girl's Guide to Sex,"By Anderson, Melinda, Murray, Kathleen, and Arnold, Alli (ILT)",Read
In the Shadow of the Ark,"By Provoost, Anne and Nieuwenhuizen, John",Currently Reading
The Supernaturalist,"By Colfer, Eoin",Read
U and I: A True Story,"By Baker, Nicholson",Read
Love Invents Us,By Amy Bloom,Read
Zero Db and Other Stories,"By Bell, Madison Smartt",Read
The Heart of a Leader,"By Blanchard, Kenneth H.",Want to Read
Hefner,"By Brady, Frank",Want to Read
The Secrets of Savvy Networking: How to Make the Best Connections for Business and Personal Success,"By RoAne, Susan",Want to Read
A Shaker's Dozen,"By Rocheleau, Paul (ILT) and Homsen, Kathleen",Read
Personal History,"By Graham, Katharine",Read
Friendship with God: an uncommon dialogue,"By Walsch, Neale Donald",Want to Read
Extravagant Grace,"By Clairmont, Patsy, Walsh, Sheila, Johnson, Barbara, Clairmont, Patsy (EDT), Mullins, Traci (EDT), Swindoll, Luci, Meberg, Marilyn, Wells, Thelma, and Women Of Faith (COR)",Currently Reading
13 Things You Gotta Know to Make it as a Christian (Powerlink Student Devotional),"By McDowell, Josh and Hostetler, Bob",Read
Dave Barry's Guide to Marriage and/or Sex,"By Barry, Dave",Currently Reading
The Festival Cookbook: Four Seasons of Favorites,"By Good, Phyllis Pellman",Want to Read
Shella,"By Vachss, Andrew H.",Want to Read
What To Cook When You Think There's Nothing in the House To Eat: More Than 175 Easy Recipes And Meal Ideas,"By Schwartz, Arthur",Read
Little Vegetarian Feasts: Main-Dish Grains,"By Shulman, Martha Rose and Drechsler, Debbie (ILT)",Read
Stir-Fry (Sunset Creative Cooking Library),By Sunset Books,Want to Read
Collected Stories of Reynolds Price,"By Price, Reynolds",Read
DIY Girl,"By Gesue, Monica (ILT) and Bonnell, Jennifer",Want to Read
The Divine Pastime: Theatre Essays,"By Clurman, Harold",Currently Reading
What's Bred in the Bone (Cornish Trilogy),"By Davies, Robertson",Currently Reading
Mastering the Zone: The Next Step in Achieving SuperHealth and Permanent Fat Loss,"By Sears, Barry and Goodbody, Mary",Read
North Carolina Lighthouses,By David Stick,Read
"Analyzing Performance Problems, or You Really Oughta Wanna","By Robert Frank Mager, Peter Pipe",Want to Read
Reviving Ophelia: Saving the Selves of Adolescent Girls (Ballantine Reader's Circle),"By Pipher, Mary Bray",Want to Read
Napoleon and Hitler,"By Seward, Desmond",Currently Reading
Encounter and Encouragement: A Bicentennial Review of German-American Relations,By Joachim Hans Schwelien,Currently Reading
Too Busy to Clean,"By Barrett, Patti",Currently Reading
Keeping Your Kids Catholic: It May Seem Impossible but It Can Be Done,By Bert Ghezzi,Read
Vines (Burpee American Gardening Series),"By Bales, Suzanne Frutig",Read
Roads to Antietam,"By Schildt, John W.",Want to Read
Nursery Rhymes: A Collection from Mother Goose (Illustrated Library for Child.),"By Hale, Glorya (EDT), Anderson, Anne, Lee, Ella Doldar, Anderson, Anne (ILT), and Lee, Ella Doldar (ILT)",Currently Reading
The Art of Cooking with Herbs & Spices,"By Miloradovich, Milo",Read
The uncommon cookbook,"By Mellinkoff, Ruth",Want to Read
List Your Self: Listmaking as the Way to Self-Discovery,"By Segalove, Ilene and Velick, Paul Bob",Want to Read
The Insider's Guide to Getting Published: Why They Always Reject Your Manuscript and What You Can Do About It,"By Boswell, John",Currently Reading
"Walking the Cat by Tommy "" Tip"" Paine: Gordon Liddy Is My Muse II","By Batchelor, John Calvin",Want to Read
The Theory of the Modern Stage: An Introduction to Modern Theatre and Drama,By Eric  Bentley,Currently Reading
Mistler's Exit,"By Begley, Louis",Currently Reading
Small Patchwork & Quilting,"By Linsley, Leslie, Aron, Jon (PHT), and Savonen, Robby (ILT)",Read
A Portfolio of Outdoor Furnishing Ideas (Portfolio Ofideas),"By Cowles Creative Publishing, Cy Decosse Inc",Read
Cooking With Helen McCully Beside You,"By McCully, Helen",Read
Christopher Idone's Glorious American Food,"By Idone, Christopher",Read
Family portrait,"By Bowen, Catherine Drinker",Currently Reading
The Whole Shebang: A State-of-the-Universe(s) Report,"By Ferris, Timothy",Want to Read
Eating Well for Optimum Health: The Essential Guide to Bringing Health and Pleasure Back to Eating,"By Weil, Andrew",Want to Read
Teverton Hall,"By Gillespie, Jane",Currently Reading
Inference of guilt,"By Greene, Harris",Want to Read
Lines in the Sand: Desert Storm and the Remaking of the Arab World,"By Amos, Deborah",Currently Reading
The Witling,"By Vinge, Vernor",Currently Reading
The Courage to Be Rich: Creating a Life of Material and Spiritual Abundance,"By Orman, Suze",Want to Read
Our Nature,"By Gilbert, Bill",Currently Reading
The Gift of Sex: A Guide to Sexual Fulfillment,"By Penner, Clifford and Penner, Joyce",Want to Read
Basic Principles of Classical Ballet,"By Vaganova, A. Ia.",Want to Read
The Biblical Road to Blessing,"By Hinn, Benny",Want to Read
Remembered Laughter: The Life of Noel Coward. Orig Pub in Great Britain Under Title: Life of Noel Coward,"By Lesley, Cole",Currently Reading
Peanuts: A Golden Celebration: The Art and the Story of the World's Best-Loved Comic Strip,"By Schulz, Charles M. and Larkin, David (EDT)",Want to Read
Other loyalties;: A politics of personality,"By Brower, Brock",Want to Read
The Language of Life: A Festival of Poets,"By Moyers, Bill D., Grubin, David, and Haba, James",Read
The Shutterfly Guide to Great Digital Photos (CLS.EDUCATION),"By Johnson, Dave and Housenbold, Jeffrey",Currently Reading
Henry VIII and His Court,"By Williams, Neville",Read
The New Grove Mozart,"By Sadie, Stanley",Currently Reading
Short bike rides in New Jersey,"By Santelli, Robert",Want to Read
Pledged: The Secret Life of Sororities,"By Robbins, Alexandra",Read
Smoky Mountains Trout Fishing Guide,"By Kirk, Don",Want to Read
A Thing or Two About Soccer,"By Buckley, James, Teitelbaum, Michael, and Wolff, Rick (FRW)",Read
Guide to Cults and New Religions,"By Enroth, Ronald",Currently Reading
"Preparatory Piano Literature: Origianl Keyboard Classics With Optional Teacher Duets, Elementary (Developing Artist)","By Faber, Randall (COP), Faber, Nancy (COM), and Hansen, Jeanne (CON)",Want to Read
Winter Has Lasted Too Long,"By Kavanaugh, James J",Read
"Iron Man: The Cal Ripken, Jr. Story","By Rosenfeld, Harvey",Read
The Only Way I Know,"By Ripken, Cal, Jr. and Bryan, Mike",Read
Knots on a Counting Rope (Reading Rainbow Books),"By Rand, Ted (ILT), Martin, Bill, and Archambault, John",Want to Read
New Ways With Fresh Flowers: 50 Inspirational Projects for Contemporary Floral Designers,"By Barnett, Fiona",Read
QPB Encyclopedia of Word & Phrase Origins,"By Hendrickson, Robert",Currently Reading
German A La Cartoon,"By Small, Albert H. (EDT)",Want to Read
The Complete Idiot's Guide to Getting Published,"By Bykofsky, Sheree and Sander, Jennifer Basye",Read
Death Gets a Time-Out (Mommy-Track Mysteries),"By Waldman, Ayelet",Currently Reading
The Reader's Companion to South Africa,"By Ryan, Alan (EDT)",Want to Read
Dealing With People You Can't Stand,"By Brinkman, Rick and Kirschner, Rick",Read
Operation Redemption: A Vision of Hope in an Age of Turmoil,"By Trevelyan, George",Currently Reading
Let Freedom Ring: Winning the War of Liberty over Liberalism,"By Hannity, Sean",Read
Hamlet (Oxford World's Classics),"By Shakespeare, William and Hibbard, G. R. (EDT)",Read
The Playboy of the Western World and Other Plays: Riders to the Sea; The Shadow of the Glen; The Tinker's Wedding; The Well of the Saints; The Playboy ... of the Sorrows (Oxford World's Classics),"By Synge, John Millington and Saddlemyer, Ann (EDT)",Want to Read
Grandparenthood,"By Westheimer, Ruth K. and Kaplan, Steven",Read
Twelve,"By Kittredge, Elaine",Read
"Cycles of Fire: Stars, Galaxies and the Wonder of Deep Space","By Hartmann, William K.",Currently Reading
The Dancing Healers: A Doctor's Journey of Healing with Native Americans,"By Hammerschlag, Carl A.",Currently Reading
Time Exposure: A Photographic Record of the Dinosaur Age,"By Dixon, Dougal and Burton, Jane",Currently Reading
"The Way of the Trout: Anglers, Wild Fish and Running Water","By Montgomery, M. R. and Brown-Wing, Katherine (ILT)",Want to Read
Hope Was Here (Newbery Honor Book),"By Bauer, Joan",Want to Read
A Tale of Two Cities (Oxford World's Classics),"By Dickens, Charles and Sanders, Andrew (EDT)",Read
Frank Sinatra: An American Legend,"By Sinatra, Nancy",Read
WP8 - Theory Lessons - Level 2 - Bastien Piano Library,By James Bastien,Currently Reading
Who Owns America?,"By Hickel, Walter J.",Read
Bloodsong,"By Neimark, Jill",Want to Read
The Vampire Book: The Encyclopedia of the Undead,"By Melton, J. Gordon",Currently Reading
A Midsummer Night's Dream (Oxford World's Classics),"By Shakespeare, William and Holland, Peter (EDT)",Currently Reading
Bob Miller's Calc for the Clueless: Calc I (Bob Miller's Clueless Series),"By Miller, Robert",Read
Mariel of Redwall,"By Jacques, Brian and Chalk, Gary (ILT)",Read
The Body Book: A Fantastic Voyage to the World Within,"By Bodanis, David",Read
Nerilka's Story (Dragonriders of Pern Series),"By McCaffrey, Anne",Currently Reading
Americas: The Changing Face of Latin America and the Caribbean (A Main Selection of the History Book Club),"By Winn, Peter",Read
"Mayo Clinic On Vision And Eye Health: Practical Answers on Glaucoma, Cataracts, Macular Degeneration & Other Conditions (""MAYO CLINIC ON"" SERIES)","By Mayo Clinic (COR) and Buettner, Helmut (EDT)",Currently Reading
Parrot in the Oven: Mi vida (Cover May Vary),"By Martinez, Victor",Read
A Passion for Golf: The Best of Golf Writing,"By Garrity, John (INT) and Bishop, Schuyler (EDT)",Want to Read
The Way of the Wizard: Twenty Spiritual Lessons for Creating the Life You Want,"By Chopra, Deepak",Want to Read
Handmade for Profit!: Hundreds of Secrets to Success in Selling Arts and Crafts,"By Brabec, Barbara",Read
Totline Teaching Tales ~ Short-Short Stories ~ Simple Stories For Young Children Plus Seasonal Activities,"By Warren, Jean and McKinnon, Elizabeth S. (EDT)",Read
Treasury Whole Language Literature Ideas (Troll Teacher Idea Books),"By Reeves, Barbara",Read
Meet the Author (Troll Professional Series),"By Orzakis, Laurie",Read
"Adventuring Along the Southeast Coast: The Sierra Club Guide to the Low Country, Beaches, and Barrier Islands of North Carolina, South Carolina, and (Sierra Club Adventure Travel Guides)","By Bowen, John",Want to Read
Totline Teaching Tales ~ Teeny-Tiny Folktales ~ Simple Folktales For Young Children Plus Flannelboard Patterns,"By Warren, Jean",Currently Reading
"Discovering Oceans, Lakes, Ponds and Puddles","By Frame, Jeron Ashford and Holladay, Scott (ILT)",Currently Reading
Game Birds Of North America,"By Rue, Leonard Lee",Currently Reading
The Birdwatcher's Companion,"By MacKay, Barry Kent",Currently Reading
"Stalking birds with color camera,","By Allen, Arthur A",Currently Reading
Glorious French Food: A Fresh Approach to the Classics,"By Peterson, James",Currently Reading
The Portrait of a Lady (Oxford World's Classics),"By James, Henry and Bradbury, Nicola (EDT)",Currently Reading
"Wilderness kingdom, Indian life in the Rocky Mountains: 1840-1847;: The journals & paintings of Nicolas Point","By Point, Nicolas",Currently Reading
Managing Transitions: Making The Most Of Change,"By Bridges, William",Want to Read
False Assumptions,"By Cloud, Henry and Townsend, John",Read
"Mortgaging The Earth: The World Bank, Environmental Impoverishment, and the Crisis of Development","By Rich, Bruce",Want to Read
Banff Springs the Story of a Hotel,By Bart Robinson,Want to Read
Origins Of History,"By Butterfield, Herbert",Currently Reading
What Bird Did That?: A Driver's Guide to Some Common Birds of North America,"By Silver, Burton",Currently Reading
A Separate Peace with Connections (HRW Library),By Holt Mcdougal (COR),Currently Reading
Inner Revolution,"By Thurman, Robert A. F.",Currently Reading
Lost Cities of the Maya (Discoveries),"By Baudez, Claude F. and Picasso, Sydney",Read
Life in Ancient Egypt,"By Erman, Adolf",Want to Read
25 Bicycle Tours in New Jersey,"By Zatz, Aline and Zatz, Joel",Read
The World of the Ancient Maya,"By Henderson, John S.",Read
A delicately personal matter: A J.D. Mulroy mystery novel,"By Werry, Richard R.",Currently Reading
Terrorism and Democracy,"By Turner, Stansfield",Want to Read
A Son of Thunder: Patrick Henry and the American Republic,"By Mayer, Henry",Currently Reading
Cam Jansen and the Triceratops Pops Mystery #15,"By Adler, David A. and Natti, Susanna (ILT)",Currently Reading
Summerland,"By Chabon, Michael",Read
Three Gospels,"By Price, Reynolds (EDT)",Currently Reading
Creative Conversations: The Writer's Complete Guide to Conducting Interviews,"By Schumacher, Michael",Currently Reading
Doing It,"By Burgess, Melvin",Currently Reading
The Wind in the Willows (Children's Classics),By Kenneth Grahame,Currently Reading
500 Full-Size Patchwork Patterns,"By Malone, Maggie",Want to Read
Cases in managerial finance (The Dryden Press series in finance),By Eugene F Brigham,Currently Reading
Stress And The Family: Coping With Normative Transitions (Psychosocial Stress Series),"By McCubbin, Hamilton I. (EDT)",Want to Read
Demon of the Waters: The True Story of the Mutiny on the Whaleship Globe,"By Gibson, Gregory",Want to Read
The Tiananmen Papers : The Chinese Leadership's Decision to Use Force Against Their Own People - In Their Own Words,"By Liang, Zhang (COM), Nathan, Andrew J. (EDT), Link, Perry (EDT), Nathan, Andrew J., Zhang, Liang, Link, E. Perry (EDT), Zhang, Liang (EDT), Link, E. Perry, and Liang, Zhang",Currently Reading
Struggle for Intimacy (Adult Children of Alcoholics series),"By Woititz, Janet Geringer",Want to Read
550 Home Landscaping Ideas,"By Fell, Derek and Erler, Catriona",Want to Read
Money Harmony: Resolving Money Conflicts in Your Life and Relationships,"By Mellan, Olivia",Currently Reading
Who Says Elephants Can't Dance?:  Inside IBM's Historic Turnaround,"By Gerstner, Louis V., Jr.",Read
The Expert's Guide To Backyard Birdfeeding,"By Adler, Bill, Hughes, Heide, and Hughes, Heidi",Want to Read
Totline 123 Puppets (1 2 3 Series:  Language Ages 2-6),"By Warren, Jean",Read
American Artists On Art: From 1940 To 1980 (Icon Editions),"By Johnson, Ellen H. (EDT)",Currently Reading
Swan watch,By Budd Schulberg,Read
The American musical theater;: A consideration (A CBS Legacy collection book),"By Engel, Lehman",Want to Read
The Princess Test (Princess Tales),"By Andersen, Hans Christian, Levine, Gail Carson, Elliott, Mark (ILT), and Elliott, Mark",Read
The Nature of Theatre.,"By Roberts, Vera Mowry",Read
Interactive Bulletin Boards,"By Prizzi, Elaine and Hoffmann, Jeanne",Read
Parthian Words,By Storm Jameson,Read
Best Cat Stories,"By O'Mara, Lesley and Geldart, William Geldart (ILT)",Currently Reading
Religion in America: An historical account of the development of American religious life,"By Hudson, Winthrop Still",Currently Reading
Why Can't I Fall in Love? A 12-Step Program,"By Boteach, Shmuel",Read
Wolf in the Shadows (A Sharon Mccone Mystery),"By Muller, Marcia",Currently Reading
Just Build the Ark and the Animals Will Come:: Children on Bible Stories,"By Heller, David",Want to Read
A Man for All Seasons: A Play in Two Acts,"By Bolt, Robert",Currently Reading
Jeremy: The Tale of an Honest Bunny,"By Karon, Jan and Weidner, Teri (ILT)",Want to Read
Invisible No More: The Secret Lives of Women Over 50,"By Fisher, Renee, Kramer, Joyce, Peelen, Jean, and Llc, Invisible No More",Currently Reading
Harrap's Spanish and English Pocket Dictionary (Harrap's Dictionaries),"By Alvarez Garcia, Teresa (EDT), Rodger, Liam (EDT), and Ron Diaz, Elena (EDT)",Want to Read
The National Air and Space Museum,"By Bryan, C. D. B.",Currently Reading
Free Flight: From Airline Hell to a New Age of Travel,"By Fallows, James M.",Want to Read
The Book of Massage: The Complete Step-by-Step Guide To Eastern And Western Techniques,"By Lidell, Lucinda, Thomas, Sara, Cooke, Carola Beresford, and Porter, Anthony",Read
The practice of social research,"By Babbie, Earl",Want to Read
"Endangered Pleasures: In Defense of Naps, Bacon, Martinis, Profanity, and Other Indulgences","By Holland, Barbara",Read
Hosting the Birds: How to Attract Birds to Nest in Your Yard,"By Mahnken, Jan",Currently Reading
Families on the Fault Line,"By Rubin, Lillian B.",Want to Read
Our Last Best Shot: Guiding our Children Through Early Adolescence,"By Stepp, Laura Sessions",Want to Read
Intermediate Algebra Functions and Authentic Applications,"By Lehmann, Jay",Want to Read
The Clustering of America,"By Weiss, Michael J.",Want to Read
"Nelson Rockefeller,: A biography","By Morris, Joe Alex",Read
The PreHistory of The Far Side: A 10th Anniversary Exhibit (Volume 14),"By Larson, Gary",Read
Double Buckeyes: A Story of the Way America Used to Be,"By Shuster, Bud",Currently Reading
Investment Biker: Around the World With Jim Rogers,"By Rogers, Jim",Want to Read
Lyndon Baines Johnson: Late a President of the United States: Memorial Services in the Congress of the United States and tributes in eulogy,By Various,Want to Read
Readings in art history,"By Spencer, Harold",Read
Shakedown: Exposing The Real Jesse Jackson,"By Timmerman, Kenneth R.",Want to Read
"The Man Who Saw Through Time (The Scribner Library, Lyceum Editions, No. SL429)","By Eiseley, Loren C.",Currently Reading
Speaking Out for Animals: True Stories About People Who Rescue Animals,"By Stallwood, Kim W. (EDT)",Read
Message from Forever: A Novel of Aboriginal Wisdom,"By Morgan, Marlo",Want to Read
A Prophet In His Own Country: The Triumphs and Defeats of Adlai E. Stevenson,By Kenneth S. Davis,Currently Reading
"Hacking Exposed: Network Security Secrets & Solutions, Third Edition (Hacking Exposed)","By McClure, Stuart, Scambray, Joel, and Kurtz, George",Currently Reading
Aditi: The Living Arts of India,"By Adams, Robert and Sethi, Rajeev (EDT)",Want to Read
Shuffle Up and Deal: The Ultimate No Limit Texas Hold 'em Guide (World Poker Tour),"By Sexton, Mike",Want to Read
Practical Small Gardens,"By McHoy, Peter",Currently Reading
A Taste for Love: A Romantic Cookbook for Two,"By Harbison, Elizabeth M. and McGowan, Mary",Want to Read
Venom of Argus,"By Avery, Richard",Currently Reading
The Closing of the American Mind,"By Bloom, Allan",Currently Reading
Fight Fat After Forty,"By Peeke, Pamela",Want to Read
On the Edge of Cliff,"By Pritchett, V. S.",Want to Read
Romans,By Navigators,Currently Reading
Ain't You Glad You Joined the Republicans?: A Short History of the Gop,"By Batchelor, John Calvin",Want to Read
The Professional: Lyndon B. Johnson,"By White, William Smith",Read
Don't Know Much About the Bible: Everything You Need to Know About the Good Book but Never Learned,"By Davis, Kenneth C.",Want to Read
The Power of Nice,"By Dale, Jim, Shapiro, Ronald M., and Jankowski, Mark A.",Read
Bringing Out the Best in Your Child: 80 Ways to Focus on Every Kid's Strengths,"By Tobias, Cynthia Ulrich and Funk, Carol",Want to Read
Dave Barry's Stay Fit and Healthy Until You're Dead,"By Barry, Dave",Read
Language and Myth,"By Cassirer, Ernst",Want to Read
Ripken: Cal on Cal,"By Ripken, Cal, Jr., Iooss, Walter (PHT), and Vancil, Mark (EDT)",Read
German in 32 Lessons (Gimmick Series),By Adrienne,Want to Read
24 Essential Lessons for Investment Success: Learn the Most Important Investment Techniques from the Founder of Investor's Business Daily,"By O'Neil, William J.",Currently Reading
Many Waters,"By L'Engle, Madeleine",Currently Reading
The Last Debate:  A Novel of Politics and Journalism,"By Lehrer, James, Smith, Peter (EDT), and Osnos, Peter",Want to Read
"Parents in Charge: Setting Healthy, Loving Boundaries for You and Your Child","By Chidekel, Dana",Read
Prep (Junior Library Guild Selection),"By Coburn, Jake",Currently Reading
This Lullaby,"By Dessen, Sarah",Currently Reading
"No mean city,: An inquiry into civic greatness,","By McKeldin, Theodore R",Want to Read
ROLLING THUNDER: Jet Combat From WW II to the Gulf War,"By Rendall, Ivan",Read
The Everything Cover Letter Book (Everything),"By Graber, Steven and Lipsman, Mark",Currently Reading
"Norman Mark's Chicago: Walking, bicycling & driving tours of the city","By Mark, Norman",Currently Reading
Believing in Jesus,"By Foley, Leonard",Read
Irish Druids and Old Irish Religions,"By Bonwick, James",Currently Reading
Eat Smart for a Healthy Heart Cookbook,"By Cooley, Denton A., M.D. and Moore, Carolyn E.",Read
I Can Print A to Z (Wipe-off Activity Book--Reusable),By Enterprises Incorporated Trend,Currently Reading
1-2-3 Murals: Simple Murals to Make from Children's Open-Ended Art,"By Warren, Jean",Read
A Book of Americans,"By Benet, Rosemary",Want to Read
The Pleasures of Watching Birds,"By Oberman, Lola and Swan, Joy (ILT)",Want to Read
Young Men and Fire,"By MacLean, Norman",Want to Read
The Heritage of British Literature,"By Bowen, Elizabeth",Want to Read
Creating Sanctuary: A New Approach to Gardening in the Washington Metropolitan Area,"By Mitchell, Sherry",Want to Read
Spain (Culture Shock! A Survival Guide to Customs & Etiquette),"By Graff, Marie Louise",Currently Reading
The Metropolitan Museum of Art: The Cloisters; the Building and the Collection of Medieval Art in Fort Tryon Park,By James Joseph Rorimer,Currently Reading
Second Treatise of Government,By John Locke,Read
Worldwide Wonders,"By Harris, Tina",Want to Read
Essential History of Art,By Editor,Currently Reading
Where to Find It in the Bible: The Ultimate A to Z Resource,By Ken Anderson,Read
"The German Panzers, from Mark I to Mark V ""Panther"" - Armor Series 2","By Feist, Uwe",Want to Read
What Makes a Goya a Goya?,"By Muhlberger, Richard",Want to Read
How to Be Your Dog's Best Friend: A Training Manual for Dog Owners,"By Monks, New Skete",Want to Read
Let Freedom Ring: Winning the War of Liberty over Liberalism,"By Hannity, Sean",Currently Reading
When All Hell Breaks Loose,"By Spencer, Camika",Want to Read
"Gorgias (The Penguin Classics, L94)","By Plato and Hamilton, Walter",Want to Read
Quiet Times for Couples,"By Wright, H. Norman",Want to Read
"Herds of Thunder, Manes of Gold","By Coville, Bruce",Currently Reading
Transitions: Making Sense of Life's Changes,"By Bridges, William",Read
Beginner's Guide to Golf,"By Lumb, Nick",Want to Read
"I am the fox,",By Winifred Van Etten,Currently Reading
Secretaries of war and secretaries of the army: Portraits & biographical sketches (CMH pub),"By Bell, William Gardner",Currently Reading
A Contest of Faiths: Missionary Women and Pluralism in the America Southwest,"By Yohn, Susan M.",Currently Reading
The Single Parent's Money Guide,"By Card, Emily and Kelly, Christie Watts",Currently Reading
F2f,"By Finch, Phillip",Currently Reading
Freud's Wishful Dream Book,"By Welsh, Alexander",Currently Reading
Ingenious Inventions of Domestic Utility,"By Bragdon, Allen D.",Read
Complete Idiot's Guide to Parenting Your Teenager (The Complete Idiot's Guide),"By Kelly, Kate",Read
The Antiques Care & Repair Handbook,"By Jackson, Albert and Day, David",Currently Reading
Great Pyramid: Its Secrets & Mysteries Revealed,"By Smyth, Charles Piazzi",Read
Holy War Inc. Inside the Secret World of Osama Bin Laden,"By Bergen, Peter L.",Currently Reading
Flavor,"By DiSpirito, Rocco, Leutwyler, Henry, and Sherer, Kris",Read
Cinderella Cinderella Mini Book: Mini version (Fay's Fairy Tales),"By Wegman, William, Kismaric, Carole, and Heiferman, Marvin",Want to Read
After the Boxes Are Unpacked,"By Miller, Susan",Want to Read
The Big Book of Gardening Skills,By Gardenway Book (EDT),Currently Reading
Eakins,"By Schendler, Sylvan",Currently Reading
Race relations (Prentice-Hall sociology series),"By Kitano, Harry H. L.",Currently Reading
The Washington ethnic food store guide,"By Lawson, Jim C",Want to Read
Reflections in a Glass Eye: Works from the International Center of Photography Collection,"By International Center of Photography (PHT), Hollander, Anne (EDT), Handy, Ellen (EDT), and Handy, Ellen",Currently Reading
Getting Started in Powerboating,"By Armstrong, Bob",Want to Read
Worth the Fighting For: A Memoir,"By McCain, John and Salter, Mark",Read
Red Dragon Rising: Communist China's Military Threat to America,"By Timperlake, Edward and Triplett, William C., II",Currently Reading
All the Way Home,"By Giff, Patricia Reilly",Currently Reading
Totline 123 Rhymes Stories & Songs ~ Open-Ended Language (1-2-3 Series) Ages 3-6,"By Warren, Jean",Currently Reading
"Pineapples, Penguins and Pagodas (Kids' Stuff)","By Keeling, Jan (EDT) and Jinkins, Barbara",Want to Read
The Book of Ch'I: Harnessing the Healing Forces of Energy,"By Wildish, Paul",Read
Being Little in Cambridge When Everyone Else Was Big,"By Abbott, Eleanor Hallowell",Currently Reading
The Hero Within,"By Pearson, Carol S.",Read
Western,"By Yerby, Frank",Currently Reading
Numbers (Wipe-Off Activity Books),By,Read
Baroque Painting (Barron's Art Handbooks: Yellow Series),By Parramon's Editorial Team (COR),Currently Reading
"More Ghosts of Gettysburg: Spirits, Apparitions and Haunted Places of the Battlefield","By Nesbitt, Mark V.",Currently Reading
Pierre Franey's Cooking In America,"By Franey, Pierre, Jarrett, Lauren (ILT), and Flaste, Richard",Want to Read
Greek Art (New Revised Edition),"By Boardman, John",Read
Utopia (Crofts Classics),"By More, Thomas, Sir, Saint and Ogden, H. V. S. (EDT)",Currently Reading
Bias: A CBS Insider Exposes How the Media Distort the News,"By Goldberg, Bernard",Currently Reading
Plain and Simple: A Woman's Journey to the Amish,"By Bender, Sue",Currently Reading
Twentieth-century art from the Nelson Aldrich Rockefeller collection,"By LIEBERMAN, Nelson A",Currently Reading
7 Simple Steps to Unclutter Your Life,"By Smallin, Donna",Read
Virginia trout streams: A guide to fishing the Blue Ridge watershed,"By Slone, Harry",Read
How to Fool Fish With Feathers: The Incompleat Guide to Fly-Fishing,"By MacNelly, Jeff and Margolis, Jon",Want to Read
Tom Brown's Schooldays (Oxford World's Classics),"By Sanders, Andrew, Hughes, Arthur, and Hughes, Thomas",Want to Read
Metamorphoses (Oxford World's Classics),"By Ovid, Melville, A. D. (TRN), and Kenney, E. J. (INT)",Read
Germinal (Oxford World's Classics),"By Zola, Emile, Collier, Peter (TRN), and Lethbridge, Robert (TRN)",Currently Reading
The California Coastal Resource Guide,"By California Coastal Commission, Caughman, Madge, and Ginsberg, Joanne S.",Want to Read
Tools and Gadgets (Historic Communities (Paperback)),"By Kalman, Bobbie",Currently Reading
Matilda,"By Gallico, Paul",Want to Read
The Ultimate Book Of Paint Effects,"By Salli Brand, Jullie Collins, Catherine Cumming, Tricia Greening, Katrina Hall, Frances Halliday, Clare Louise Hunt, Joanna Jones, Lawrence Llewelyn Bo",Currently Reading
Where No One Has Gone Before: A History in Pictures (Star Trek),"By Dillard, J. M. and Dillar, J. M.",Currently Reading
Superdog: Raising the Perfect Canine Companion,"By Fox, Michael W.",Read
Football America: Celebrating Our National Passion,"By Barber, Phil and Didinger, Ray",Currently Reading
In Our Own Image: Building an Artificial Person,"By Caudill, Maureen",Currently Reading
Death and Deconstruction,"By Fleming, Anne",Read
1990 BEST-RECIPES YEARBOOK,"By ""Better Homes and Gardens""",Currently Reading
People of the High Plateau,"By Berman, Carl",Want to Read
"The Education of the Heart: Readings and Sources for Care of the Soul, Soul Mates, and The Re-Enchantment of Everyday Life","By Moore, Thomas (EDT)",Currently Reading
Legends: Conversations With Baseball Greats,"By Rust, Art and Marley, Michael",Read
Out to Canaan (Book 4 of the Mitford Years),"By Karon, Jan",Want to Read
Management and Organizational Behavior,"By Hunsaker, Phillip L., Cook, Curtis W., and Coffey, Robert E.",Currently Reading
"What Every Woman Needs to Know about Menopause: The Years Before, During, and After","By Minkin, Mary Jane, M.D. and Wright, Carol V.",Currently Reading
Garfield Book of Cat Names,"By Davis, Jim and Wallace, Carol",Currently Reading
Introductory clinical pharmacology,By Jeanne C Scherer,Currently Reading
"Decorating with Wreaths, Garlands, Topiaries & Bouquets","By Mays, Steven (PHT) and Sterbenz, Carol Endler",Read
Prince Charles,"By Brown, Michele",Read
Laura Ashley Color: Using Color to Decorate Your Home,"By Berry, Susan, Laura Ashley (Firm) (COR), Ashley, Laura, and Kuscenko, Valerie (EDT)",Currently Reading
"Shark Tank: Greed, Politics, and the Collapse of Finley Kumble, One of America's Largest Law Firms","By Eisler, Kim Isaac",Currently Reading
Antiques as an Investment,"By Rush, Richard H.",Currently Reading
"The Real War on Crime: Report of the National Criminal Justice Commission, The","By National Criminal Justice Commission (U. S.) (COR) and Donziger, Steven A. (EDT)",Currently Reading
Ernie And His Merry Monsters (Sesame Street Good-Night Stories),By Michaela Muntean,Read
"The Quarterlifer's Companion : How to Get on the Right Career Path, Control Your Finances, and Find the Support Network You Need to Thrive","By Wilner, Abby and Stocker, Catherine",Currently Reading
Leaving Town Alive: Confessions of an Arts Warrior,"By Frohnmayer, John",Currently Reading
A Show of Hands: Say It in Sign Language,"By Sullivan, Mary Beth and Bourke, Linda",Read
Silent Sons: A Book for and About Men,"By Ackerman, Robert J.",Currently Reading
Walker Evans: A Biography,"By Evans, Walker and Rathbone, Belinda",Want to Read
"Meteorology today: An introduction to weather, climate, and the environment","By Ahrens, C. Donald",Currently Reading
"Contest for a Capital: George Washington, Robert Morris, and Congress, 1783-1791, Contenders : Dramatized Events of America's Founding Years","By Loftin, T. L. and Zarambouka, Sofia (ILT)",Currently Reading
Americas Glorious Quilts,"By Duke, Dennis",Read
Cars 1886-1930,"By Georgano, G. N.",Read
Dr Jekyll and Mr Hyde and Weir of Hermiston (Oxford World's Classics),"By Stevenson, Robert Louis and Letley, Emma",Currently Reading
Spirited Americans: A Commentary on America's Optimists-From the Puritans to the Cybr-Century,"By Jeffcoat, A. E.",Read
What Went Wrong?: Western Impact and Middle Eastern Response,"By Lewis, Bernard",Currently Reading
Lessons from the Fairway: Inspirational Stories from the Fairway for the Yound and Old Alike!,"By Fisher, R. McKenzie",Read
Your Sacred Self,"By Dyer, Wayne W.",Read
The World's Whales: The Complete Illustrated Guide,"By Balcomb, Kenneth C., Foster, Larry, and Minasian, Stanley M.",Read
Taming and Training Conures,"By Teitler, Risa",Want to Read
In the Footsteps of Gandhi: Conversations With Spiritual Social Activists,"By Ingram, Catherine and Gandhi, Ramchandra (FRW)",Currently Reading
"Is Sex Necessary?: Or, Why You Feel the Way You Do","By White, E. B. and Thurber, James",Read
"Dark windows,","By McDaniel, Weston Owen",Currently Reading
The bedside book of Martin Buxbaum,"By Buxbaum, Martin",Read
The Winemaker's Year: Four Seasons in Bordeaux,"By Buller, Michael",Want to Read
Balancing Acts,"By Hoagland, Edward",Currently Reading
Sacred Stories: A Celebration of the Power of Story to Transform and Heal,"By Simpkinson, Charles (EDT) and Simpkinson, Anne (EDT)",Currently Reading
Zen Lessons: The Art of Leadership,By Thomas Translated by Cleary,Want to Read
Stencil Source Book 2: Over 200 New Designs,"By Meehan, Patricia",Currently Reading
Cities Then & Now,"By Antoniou, Jim",Read
Gardens of the World: The Art and Practice of Gardening,"By Hobhouse, Penelope and McDonald, Elvin (CON)",Read
Brass,"By Walsh, Helen",Read
REASONABLE DOUBTS: The O.J. Simpson Case and the Criminal Justice System,"By Dershowitz, Alan M.",Read
The Lives of the Muses: Nine Women & the Artists They Inspired,"By Prose, Francine",Currently Reading
"Frederic Remington: Paintings, Drawings, and Sculpture in the Amon Carter Museum and the Sid W. Richardson Foundation Collections",By Peter H. Hassrick,Read
The Civil War Trust's Official Guide to the Civil War Discovery Trail,"By Braselton, Susan Collier (EDT), Civil War Trust (U. S.) (EDT), Andrews, Edgar M. (EDT), Birkhead, Paul J. (EDT), Fix, Julie K. (EDT), Gruber, Elliot H. (EDT), and McMahon, Danielle V. (EDT)",Read
Pilgrim: A Novel,"By Findley, Timothy",Currently Reading
Soup Suppers: More Than 100 Main-Course Soups and 40 Accompaniments,"By Schwartz, Arthur",Currently Reading
The Big Bands Trivia Quiz Book,"By Simon, George",Currently Reading
The American Style of Foreign Policy: Cultural Politics and Foreign Affairs,"By Dallek, Robert",Read
D.H. Lawrence: The Story of a Marriage,"By Maddox, Brenda",Currently Reading
The Illustrated Almanac of Historical Facts: From the Dawn of the Christian Era to the New World Order,"By Stewart, Robert",Read
Notable American Women: A Biographical Dictionary: Notable American Women: The Modern Period: A Biographical Dictionary (Notable American Women) (Volume 4),"By Sicherman, Barbara (EDT) and Green, Carol Hurd (EDT)",Want to Read
Ashes of Glory: Richmond at War,"By Furgurson, Ernest B.",Want to Read
Orthopedic Disorders (Mosby's Clinical Nursing Series),"By Mourad, Leona A.",Want to Read
"God's Masterwork: A Concerto in Sixty-Six Movements : Ezra Through Daniel (Swindoll Bible Study Guides , Part 2)","By Swindoll, Charles R.",Want to Read
"In Buddha's Kitchen : Cooking, Being Cooked, and Other Adventures at a Meditation Center","By Snow, Kimberley",Want to Read
Crossing Over: The Stories Behind the Stories,"By Edward, John",Read
Business Law: Text and Cases,"By Allison, John R., Howell, Rate A., and Prentice, Robert A.",Want to Read
Sea Otters: A Natural History and Guide,"By Nickerson, Roy",Want to Read
Becoming satisfied: A man's guide to sexual fulfillment (A Spectrum book),"By Nowinski, Joseph",Read
Marketing,"By Keegan, Warren J., Moriarty, Sandra, Duncan, Tom",Want to Read
The New Yorker Cartoon Album 1975-1985,By The New Yorker,Read
We Are America,"By Joy, Anna",Want to Read
Dr. Nancy Snyderman's Guide to Health: For Women over Forty,"By Blackstone, Margaret and Snyderman, Nancy L., M.D.",Want to Read
Unravelling,"By Graver, Elizabeth",Read
An Obedient Father,"By Sharma, Akhil",Want to Read
Like the Red Panda,"By Seigel, Andrea",Read
East Asia: From Chinese Predominance to the Rise of the Pacific Rim,"By Cotterell, Arthur",Want to Read
Hamlet's Mother and Other Women,"By Heilbrun, Carolyn G.",Want to Read
The Book of Intimate Grammar,"By Grossman, David and Rosenberg, Betsy (TRN)",Want to Read
Sunset Recipe Annual 1995,By Sunset Books,Want to Read
Ritalin Nation: Rapid-Fire Culture and the Transformation of Human Consciousness,"By Degrandpre, Richard J.",Read
"Ashes to Ashes: America's Hundred-Year Cigarette War, the Public Health, and the Unabashed Triumph of Philip Morris","By Kluger, Richard",Currently Reading
"Recyclopedia: Games, Science Equipment, and Crafts from Recycled Materials","By Simons, Robin",Want to Read
The Survival Factor,"By Birkhead, Mike and Birkhead, Tim",Read
First and last love,"By Sheean, Vincent",Currently Reading
Greek Mythology (An Encyclopedia Of Myth And Legend),"By Stoneman, Richard",Read
World of Our Fathers: The Journey of The Eastern European Jews to America,"By Libo, Kenneth and Howe, Irving",Read
Dance Of A Fallen Monk: The Twists And Turns Of A Spiritual Life,"By Fowler, George",Read
Intervention and Reflection: Basic Issues in Medical Ethics (Philosophy),"By Munson, Ronald and Hoffman, Christopher A.",Currently Reading
Politics of Latin American Development,By Wynia,Want to Read
Ronald Reagan: His Life In Pictures,"By Spada, James",Want to Read
Custer Story,By Rh Value Publishing,Currently Reading
150 Years of Photo Journalism,"By Yapp, Nick",Read
Deadlock: The Inside Story of America's Closest Election,"By Nakashima, Ellen",Read
Truman,"By McCullough, David",Want to Read
Crafts of Israel,"By DAYAN, Ruth and Feinberg, Willie",Want to Read
"Understanding the Chesapeake, a Layman's Guide,","By Sherwood, Arthur W.",Currently Reading
Alistair Cooke's America,"By Cooke, Alistair",Want to Read
The Purpose Driven Life Journal,"By Warren, Rick",Currently Reading
Going Bridal: How to Get Married Without Losing Your Mind,"By Robbins, Li",Want to Read
Incidents in the Life of a Slave Girl,"By Jacobs, Harriet, Child, Lydia Maria Francis, and Brent, L.",Read
Human Resource Management,"By Mathis, Robert L. and Jackson, John H.",Want to Read
Plumage,"By Springer, Nancy",Want to Read
The Fundamentals of Play: A Novel,"By Macy, Caitlin",Read
Improvised Europeans: American Literary Expatriates In London,"By Zwerdling, Alex",Read
Forever Beautiful With Rex: Makeup Strategies for the Rest of Your Life,"By Jewell, Diana Lewis, Rex (ILT), and Rex",Read
"Best Places to Stay in the Caribbean, Sixth Edition","By Jamison, Cheryl Alters, Jamison, Bill, and Shaw, Bruce",Currently Reading
Solve Your Child's Sleep Problems,"By Ferber, Richard",Want to Read
All Japan: The Catalogue of Everything Japanese,"By Dalby, Liza",Currently Reading
The World Of Biblical Literature,"By Alter, Robert",Read
Geography and Development: A World Regional Approach,By FISHER,Read
Dissection of the Fetal Pig,"By Walker, Warren F.",Read
Search for Spring,"By Miller, Moira and Deuchar, Ian (ILT)",Currently Reading
Death bed: A detective story,"By Greenleaf, Stephen",Currently Reading
Caring and Coping When Your Loved One is Seriously Ill,"By Grollman, Earl A.",Want to Read
Voice Lessons: On Becoming a (Woman) Writer,"By Mairs, Nancy",Want to Read
The New Face of Terrorism: Threats from Weapons of Mass Destruction,"By Cole, Benjamin and Gurr, Nadine",Currently Reading
"The Rich Are Different: A Priceless Treasury of Quotations and Anecdotes About the Affluent, the Posh, a nd the Just Plain Loaded","By Winokur, Jon (EDT)",Currently Reading
Mensa Presents Number Puzzles for Math Geniuses: 200 Fiendish and Intriguing Mind Games,"By Gale, Harold",Currently Reading
Nine Innings,"By Okrent, Daniel",Currently Reading
Real Lace: America's Irish Rich,"By Birmingham, Stephen",Currently Reading
Call To Home: African Americans Reclaim The Rural South,"By Stack, Carol B.",Want to Read
The Ordinary Seaman,"By Goldman, Francisco and Golman, Francisco",Currently Reading
"Taking on the World: Joseph and Stewart Alsop, Guardians of the American Century","By Merry, Robert W.",Read
"Born to Rebel: Birth Order, Family Dynamics, and Creative Lives","By Sulloway, Frank J.",Currently Reading
The Monitor Chronicles : One Sailor's Account : Today's Campaign to Recover the Civil War Wreck,"By Mariners' Museum (Newport News, Va.) (COR), Geer, George S. (EDT), and Marvel, William (EDT)",Currently Reading
Fire in My Soul,"By Lester, Joan Steinau and Norton, Eleanor Holmes",Want to Read
Maryland Wits and Baltimore Bards: A Literary History with Notes on Washington Writers (Maryland Paperback Bookshelf),"By Shivers, Frank R.",Want to Read
War Babies,"By Busch, Frederick",Read
How to Plant and Grow Annuals (How to Plant and Grow Series),"By Reilly, Ann",Currently Reading
A Skeleton in God's Closet,"By Maier, Paul L.",Want to Read
Words & Quilts: A Selection of Quilt Poems,"By Mitchell, Felicia (EDT)",Currently Reading
Home beermaking: The complete beginner's guidebook,"By Moore, William",Read
"We Should Be So Lucky : Love, Sex, Food, and Fun After Forty from the Diva of QVC","By Levine, Kathy, Scovell, Jane, and Appleton, Amy Sarah",Currently Reading
"The Order of Things: Hierarchies, Structures, and Pecking Orders","By Kuklin, Susan",Read
Dining with the Duchess: Making Everyday Meals a Special Occasion,"By York, Sarah Mountbatten-Windsor, Duchess of",Want to Read
Introductory Linear Algebra With Applications,"By Kolman, Bernard and Hill, David R.",Want to Read
The search for Peking man,"By Janus, Christopher G.",Currently Reading
Intimate Matters: A History of Sexuality in America,"By Freedman, Estelle B. and D'Emilio, John",Read
Hollywood vs. America: The Explosive Bestseller that Shows How-and Why-the Entertainment Industry Has Broken Faith With Its Audience,"By Medved, Michael",Want to Read
Shaken Not Stirred,"By Miller, Anistatia R. and Brown, Jared M.",Currently Reading
Henry Adams,"By Blackmur, R. P",Currently Reading
A Hole in the Earth,"By Bausch, Robert",Currently Reading
You Say You Want a Revolution : A Story of Information Age Politics,"By Hundt, Reed E.",Want to Read
Kayaking: Whitewater and Touring Basics (A Trailside Guide),"By Krauzer, Steven M.",Read
My Country: The Story of Modern Israel,"By Eban, Abba Solomon",Currently Reading
Praying God's Will For Your Life: A Prayerful Walk To Spiritual Well Being,"By Omartian, Stormie",Want to Read
The Good Black,"By Barrett, Paul M.",Read
"An Inquiry Concerning Human Understanding: With a Supplement, An Abstract of a Treatise of Human Nature",By David Hume,Want to Read
The Unfinished Constitution: Philosophy and Constitutional Practice,"By Arthur, John",Want to Read
"PARKER'S WINE BUYER'S GUIDE, 5TH EDITION : Complete, Easy-to-Use Reference on Recent Vintages, Prices, and Ratings for More Than 8,000 Wines from All the Major Wine Regions","By Parker, Robert M., Jr.",Currently Reading
Artificial Intelligence: How Machines Think,"By Peat, F. David",Currently Reading
Communications and Networking for the IBM PC and Compatibles,"By Jordan, Larry E",Want to Read
The Macmillan Visual Desk Reference,By Diagram Group,Read
The standard wine cook book,"By Director, Anne",Read
"Tales Of Passion, Tales Of Woe","By Gulland, Sandra",Read
Keeping Life Simple: 380 Tips & Ideas,"By Levine, Karen",Read
HOLLYWOOD HUSBANDS,"By Collins, Jackie",Currently Reading
Raise Heaven and Earth: The Story of Martin Marietta People and Their Pioneering Achievements,"By Harwood, William B.",Currently Reading
"Learning disabilities, systemizing teaching and service delivery","By Sabatino, David A.,",Read
The Testament of Light,"By Bullett, Gerald",Read
The American Geriatrics Society's Complete Guide to Aging and Health: How We Age*Caring for Parents*Long-Term Care Choices*Wise Health Care Decisions* ... Care Financing*Analysis of Common Ailments,"By Williams, Mark E., M.D.",Currently Reading
"Potter Needlework Library, The: Essentials of Sewing, Volume 2","By Patterson, Debbie (PHT), Thompson, Sue, and Coe, Miriam",Want to Read
Julius Caesar (Cambridge School Shakespeare),"By Shakespeare, William and Seward, Tim (EDT)",Read
Men and Angels,"By Ward, Theodora",Want to Read
Debrett's book of royal children,"By Kidd, Charles and Montague-Smith, Patrick",Want to Read
"Rock, Roll & Remember","By Clark, Dick",Currently Reading
"Inside the House: An irreverent guided tour through the House of Representatives, from the days of  Adam Clayton Powell to those of Peter Rodino","By Rapoport, Daniel",Want to Read
Everyone's Money Book,"By Goodman, Jordan Elliot and Bloch, H. I. Sonny",Want to Read
"The United Lutheran Church in America, 1918-1962","By Bachmann, E. Theodore, Bachmann, Mercia Brenne, and Rorem, Paul (EDT)",Read
God's Psychiatry: Healing for the Troubled Heart and Spirit,"By Allen, Charles L.",Currently Reading
In the Shadow of F.D.R.: From Harry Truman to Bill Clinton,"By Leuchtenburg, William E.",Read
The Nominative Case,"By MacKin, Edward",Want to Read
The Dannon Book of Yogurt,"By Stuart, Sandra Lee",Want to Read
TERRITORIES OF THE VOICE,"By Desalvo, Louise, D'Arcy, Kathleen Walsh, and Hogan, Katherine",Want to Read
The sports factory: An investigation into college sports,"By Durso, Joseph",Currently Reading
Intelligent Business Alliances: How to Profit Using Today's Most Important Strategic Tool,"By Segil, Larraine",Want to Read
Porterhouse Blue,"By Sharpe, Tom",Currently Reading
Paradigms: The Business of Discovering the Future,"By Barker, Joel Arthur",Want to Read
Cushions & Covers: A Step-By-Step Guide to Creative Soft Furnishings (Reader's Digest: Practical Home Decorating),"By Moore, Gina",Want to Read
We Interrupt This Broadcast: Relive the Events That Stopped Our Lives...from the Hindenburg to the Death of Princess Diana (book with 2 audio CDs),"By Garner, Joe",Currently Reading
Changing Places: Rebuilding Community in the Age of Sprawl,"By Moe, Richard and Wilkie, Carter",Read
Anne Frank : The Biography,"By Kimber, Rita (TRN), Kimber, Robert (TRN), and Muller, Melissa",Want to Read
Muhammad: The messenger of God,"By Kelen, Betty",Currently Reading
The Elegant Onion: The Art of Allium Cookery,"By Cavage, Betty",Currently Reading
Awakening Corporate Soul: Four Paths to Unleash the Power of People at Work,"By Izzo, John B. and Klein, Eric",Read
"WW II Air War : The Men, the Machines, the Missions","By Sanfelici, Arthur H. (editor)",Currently Reading
The Puzzles of Amish Life (People's Place Book No. 10),"By Kraybill, Donald B.",Currently Reading
A Reason For Hope: Gaining Strength for Your Fight Against Cancer,"By Barry, Michael S.",Currently Reading
Exploring the Labyrinth: Making Sense of the New Spirituality,"By Drury, Nevill",Currently Reading
Ending the Homework Hassle,"By Rosemond, John",Currently Reading
The Race for the Triple Crown,"By Drape, Joe",Read
Lewis and Clark: Doctors in the Wilderness,"By Paton, Bruce C., M.D.",Want to Read
The Best Intentions,"By Bergman, Ingmar and Tate, Joan (TRN)",Currently Reading
OFFICIAL GUIDE TO THE SMITHSONIAN,"By Smithsonian Institution (COR) and Hirzy, Ellen Cochran (EDT)",Currently Reading
Dale Earnhardt: 1951-2001,"By Moriarty, Frank",Currently Reading
"The Insiders' Guide to Civil War Sites in the Eastern Theater, 2nd","By Gleason, Michael P.",Want to Read
The Mayor of Central Park,"By Avi and Floca, Brian (ILT)",Read
Diary of an Arctic Year,"By Krasemann, Stephen J.",Want to Read
Don't Give It Away! : A Workbook of Self-Awareness and Self-Affirmations for Young Women,"By Vanzant, Iyanla and Wilcots, Almasi",Want to Read
One Day My Soul Just Opened Up: 40 Days and 40 Nights Toward Spiritual Strength and Personal Growth,"By Vanzant, Iyanla",Read
St. John's Wort,"By Rosenthal, Norman",Want to Read
Long Road to Freedom: The Advocate History of the Gay and Lesbian Movement (Stonewall Inn Editions),"By Thompson, Mark (EDT)",Currently Reading
"Escape Your Shape: How to Work Out Smarter, Not Harder","By Jackowski, Edward J., Ph.D. and Jeffers, Youzell (ILT)",Want to Read
Pony Express Christmas,"By Brouwer, Sigmund",Want to Read
Christmas Decorations from Williamsburg's Folk Art Collection,By Abby Aldrich Rockefeller Folk Art Museum,Want to Read
A Crafter's Book of Angels,"By Morgenthal, Deborah",Read
Lockheed F-117A: Operation and Development of the Stealth Fighter,"By Sweetman, Bill and Goodall, James",Currently Reading
Here: A Biography of the New American Continent,"By Depalma, Anthony",Currently Reading
Phonics (Step Ahead),"By Cole, Kathleen A.",Read
The World of Silent Flight,"By WOLTERS, RICHARD A.",Want to Read
Totline 1 2 3 Books ~ Simple Books To Make For Working With Young Children,"By Warren, Jean",Want to Read
Songs from the Hills: An Intimate Look at Country Music,"By Von Matthiessen, Maria",Currently Reading
Assessing Special Students: Strategies and Procedures,"By McLoughlin, J.A., Lewis, R.B.",Want to Read
The transparent self,"By Jourard, Sidney M.",Currently Reading
Islands (Scientific American Library),"By Menard, H. W.",Read
The horn of plenty,"By Harvey, Peggy",Want to Read
Home Away from Home,"By Woititz, Janet Geringer",Want to Read
The Mammoth Cheese: A Novel,"By Holman, Sheri",Want to Read
"The Pearsall Guide to Successful Dog Training: Obedience ""from the Dog's Point of View""","By Pearsall, Margaret E.",Currently Reading
America-Watching: Perspectives in the Course of an Incredible Century,"By Johnson, Gerald White",Read
"People Power: How to Create a Lifetime Network for Business, Career, and Personal Advancement","By Fisher, Donna",Read
"Half Empty, Half Full: Understanding the Psychological Roots of Optimism","By Vaughan, Susan C.",Read
The Sooners,"By Willoughby, Lee Davis",Currently Reading
Finding Birds in the National Capital Area,"By Wiilds, Claudia",Currently Reading
Decatur house and its inhabitants,"By Beale, Marie Oge",Currently Reading
Holy Siege: The Year That Shook Catholic America,"By Briggs, Kenneth A.",Currently Reading
Guilty: The Collapse of Criminal Justice,"By Rothwax, Harold J.",Currently Reading
Wings Like Eagles,By Paul A. Schweizer,Want to Read
Big Trouble: A Murder in a Small Western Town Sets Off a Struggle for the Soul of America,"By Lukas, J. Anthony",Want to Read
The Legal & Regulatory Environment of Business,"By Corley, Robert N. (EDT)",Read
Life in a Medieval Castle,"By Gies, Joseph",Read
Branch Rickey's Little Blue Book: Wit and Strategy from Baseball's Last Wise Man,"By Monteleone, John J. and Rickey, Branch",Currently Reading
Music Machines American Style; A Catalog of the Exhibition,"By Hoover, Cynthia A",Read
What Just Happened: A Chronicle from the Information Frontier,"By Gleick, James",Want to Read
"If You Leave Me, Can I Come Too?","By Heimel, Cynthia",Read
Mississippi Memories: Classic American Cooking from the Heartland to the Mississippi Bayou,"By Rodgers, Rick and Delta Queen Steamboat Co.",Currently Reading
Pioneering Ascents,"By Mazel, David (EDT)",Read
"Feed a Cold, Starve a Fever: A Dictionary of Medical Folklore","By Rinzler, Carol Ann",Want to Read
The Chiangs of China,By Elmer T. Clark,Want to Read
"Antaeus: No. 69, Fall, 1992","By Halpern, Daniel (EDT)",Want to Read
The International Encyclopedia of Aviation,By Rh Value Publishing,Read
A companion guide to the Royal Castle in Warsaw,By Jerzy Lileyko,Read
The Dance of Anger: A Woman's Guide to Changing the Patterns of Intimate Relationships,"By Lerner, Harriet Goldhor",Want to Read
"Kasparov Vs. Karpov, 1990 (Cadogan Chess Books)","By Kasparov, Garry K.",Currently Reading
Wits and Sages,"By Grauer, Neil A.",Want to Read
Training the Perfect Puppy: A New Owner's Guide,"By Prisco, Andrew De and De Prisco, Andrew",Read
Bubbles Ablaze,"By Strohmeyer, Sarah",Currently Reading
The Third Sister: A Continuation of Jane Austen's Sense and Sensibility,"By Barrett, Julia",Want to Read
Sociology: A Down-To-Earth Approach,"By Henslin, James M.",Want to Read
Breads: Step-by-Step Techniques,"By Ed, Sunset",Read
"Death Benefit: A Lawyer Uncovers a 20-year Pattern of Seduction, Arson and Murder","By Heilbroner, David and Keeney, Steven",Currently Reading
Making War,"By Lehman, John",Currently Reading
Beyond Survival: New Directions for the Disarmament Movement,"By Albert, Michael (EDT) and Dellinger, Dave (EDT)",Currently Reading
The Grand Tradition: British Art from Amherst College,"By Trapp, Frank",Read
Surprise Party,"By Katz, William",Currently Reading
The Family Contract: A Blueprint for Successful Parenting,"By Leftin, Howard I.",Want to Read
Real World Illustrator 8 (2nd Edition),"By McClelland, Deke and McClelland, Daniel",Read
Machine Embroidery (The Potter Needlework Library),"By Burgess, Linda (PHT), Carter, Clare, and Clare, Carter",Want to Read
Dressed to Grill: Savvy Recipes for Girls Who Play with Fire,"By Morgan, Diane, Brooks, Karen, Darmon, Reed, and Adams, Beth (ILT)",Want to Read
Motherhood: The Second Oldest Profession,"By Bombeck, Erma",Read
Shadow Money,"By Effinger, George Alec",Want to Read
The Book of the Month: Sixty Years of Books in American Life,"By Silverman, Al (EDT)",Currently Reading
"The New Grove Second Viennese School: Schoenberg, Webern, Berg","By Griffiths, Paul, Neighbour, Oliver, and Perle, George",Want to Read
F. Scott Fitzgerald (Literary Lives),"By Mizener, Arthur",Want to Read
The Research Universities and Their Patrons,"By Rosenzweig, Robert M.",Read
Sams' Teach Yourself Upgrading and Fixing PCs in 24 Hours (Teach Yourself in 24 Hours Series),"By Grimes, Galen",Want to Read
8-Color Country Cross-Stitch,"By Stevenson, Sarah",Currently Reading
Living With Cannibals And Other Womens Adventures,"By Slung, Michele and Lindbergh, Reeve (INT)",Want to Read
A Time of Our Choosing: America's War in Iraq,"By Purdum, Todd S.",Read
Rewriting History,"By Morris, Dick and McGann, Eileen",Want to Read
A journey through Oz: The business leaders road map to tracking information technology assets,"By Jesse, Chris",Read
Girls! Girls! Girls!:  Essays on Women and Music,"By Cooper, Sarah (EDT)",Read
The Soul of Golf,"By Hallberg, William",Currently Reading
Surviving Schizophrenia: A Family Manual,"By Torrey, E. Fuller",Want to Read
Restoring Hope: Conversations on the Future of Black America,"By West, Cornel and Sealey, Kelvin Shawn",Want to Read
Sidelines: Behind the Scenes of America's Favorite Sport,"By Higgs, Ben",Read
"Love Awaits: African-American Women Talk about Sex, Love, and Life","By Long, Courtney",Currently Reading
Italian Days,"By Harrison, Barbara Grizzuti",Read
A Romance of the Equator: The Best Fantasy Stories of Brian W. Aldiss,"By Aldiss, Brian Wilson",Want to Read
China After Mao (Princeton Legacy Library),"By Barnett, A. Doak (EDT)",Currently Reading
Universal Foam: From Cappuccino to the Cosmos,"By Perkowitz, Sidney",Want to Read
The Leading Edge,"By Boyne, Walter J.",Read
John Clancy's Christmas Cookbook,"By Clancy, John",Currently Reading
Classics of Jewish Literature,"By Lieberman, Leo and Beringause, Arthur F.",Currently Reading
Star Attraction Bulletin Boards (Troll Teacher Ideas),"By Rutmand, Shereen Gertel",Want to Read
Vocabulary Development: Grade 6 (Basics First),By Vicky Shiotsu,Read
West With The Night,"By Markham, Beryl",Want to Read
Student Success Secrets (Barron's Educational Series),"By Jensen, Eric and McPherson, Charles (ILT)",Currently Reading
Dragons Teeth,"By Young, John Robert",Want to Read
I Feel Great and You Will Too!: An Inspiring Journey of Success with Practical Tips on How to Score Big in Life,"By Cosby, Bill (FRW), Croce, Pat, and Lyon, Bill",Read
How Is My Second Grader Doing In School? What to Expect and How to Help,"By Raymer, Dottie, Jacobson, Jennifer, and Parent-Teacher Advisory Board (COR)",Read
How to Get a Business Loan,"By Mancuso, Joseph R.",Read
"Why Me?: Coping With Grief, Loss and Change","By Krauss, Pesach",Read
The Snake-stone,"By Doherty, Berlie",Want to Read
Empowering Technology: Implementing a U.S. Strategy,"By Branscomb, Lewis M. (EDT)",Want to Read
The Runaway: A Novel,"By Kay, Terry",Currently Reading
Remediating Reading Disabilities: Simple Things That Work,"By Cook, Jimmie",Read
The White-Flower-Farm garden book,"By Pettingill, Amos",Read
Sky Woman Falling,"By Mitchell, Kirk",Want to Read
Art of the Gold Rush,"By National Museum of American Art (U. S.) (COR), Driesbach, Janice Tolhurst, Jones, Harvey, Holland, Katherine Church, Oakland Museum (COR), and Crocker Art Museum (COR)",Currently Reading
The Birdcage Book: Antique Birdcages for Contemporary Collector,"By Garisto, Leslie",Read
The Argument Culture: Moving from Debate to Dialogue,"By Tannen, Deborah",Currently Reading
Lincoln and Slavery,"By Burchard, Peter",Read
"Biology: Evolution, Diversity...",By Mader,Read
William Faulkner: First Encounters,"By Brooks, Cleanth",Currently Reading
Feminism and Psychoanalytic Theory,"By Chodorow, Nancy J.",Currently Reading
Moral Freedom: The Search for Virtue in a World of Choice,"By Wolfe, Alan",Read
Western Junior League Cookbook,"By Seranne, Ann",Want to Read
Charles: The untold story,"By Benson, Ross",Want to Read
Better Homes and Gardens Household Hints and Tips,By Better Homes and Gardens Books,Read
Some Times in America,"By Chancellor, Alexander",Want to Read
Christmas Treasures: Christmas Cookies,"By Hale, Gloria (EDT)",Want to Read
The Perfect Christmas,"By Magruder, Anne (EDT)",Currently Reading
"Making Cents: Every Kid's Guide to Money : How to Make It, What to Do With It","By Wilkinson, Elizabeth",Want to Read
Phonics 2: Sound Patterns : Preschool and K (Brighter Child),"By American Education Publishing, American",Read
A Woman's Worth,"By Williamson, Marianne",Read
100 Greatest Pitchers,"By Kelley, Brent",Currently Reading
WHAT YOUR 3RD GRADER NEEDS TO KNOW (Core Knowledge Series),"By Hirsch, E. D. (EDT)",Currently Reading
Zucchini Pumpkins and Squash OP (Artful Kitchen),"By Stang, Kathleen Desmond",Currently Reading
Mac OS X Hacks: 100 Industrial-Strength Tips & Tricks,"By Dornfest, Rael and Hemenway, Kevin",Want to Read
Blast from the Past: A Novel (Kinky Friedman Novels),"By Friedman, Kinky",Want to Read
Gymnastics Balancing Acts,"By Lessa, Christina",Currently Reading
Castaways of the Flying Dutchman,"By Jacques, Brian and Schoenherr, Ian (ILT)",Currently Reading
Beast,"By Benchley, Peter",Read
Star Bright: A Christmas Story,"By Greeley, Andrew M.",Read
Phonics Short Vowels,"By Gregorich, Barbara",Want to Read
Creating Space without Adding on,"By Jones, Jack P.",Currently Reading
Mapping the Next Millennium: The Discovery of New Geographies,"By Hall, Stephen S.",Want to Read
Baby Science: How Babies Really Work!,"By Douglas, Ann",Currently Reading
Instant Decor (Decorating Made Easy),"By Sheridan, Judy",Want to Read
How to Get Straight A's in School and Have Fun at the Same Time,"By Green, Gordon W.",Currently Reading
American Family Treasury,By Ideals Publications Inc,Read
"Breakthroughs (The Great War, Book 3)","By Turtledove, Harry",Read
"The Widow of Larkspur Inn (The Gresham Chronicles, Book 1)","By Blackwell, Lawana",Want to Read
Lincoln's Little War: How His Carefully Crafted Plans Went Astray,"By Garrison, Webb B.",Currently Reading
Exploring Europe by Boat: A Practical Guide to Water Travel in Europe,"By Rogers, Barbara Radcliffe and Rogers, Stillman",Want to Read
"CCNA Routing and Switching Exam Cram, Second Edition (Exam: 640-507)","By Waters, Jason T., Rees, Matthew J., and Coe, Jeffrey T.",Want to Read
Celebrities and Their Angels,"By Montandon, Pat",Want to Read
Lydia Cassatt Reading the Morning Paper,"By Chessman, Harriet Scott",Want to Read
Ohio Angels: A Novel,"By Chessman, Harriet Scott",Want to Read
Now What Can I Do?,"By Sweet, Melissa (ILT) and Bridges, Margaret Park",Want to Read
Heavenly Date and Other Flirtations,"By McCall Smith, Alexander",Read
Great grilling: Easy & elegant entertaining all year round,"By Davis, Hillary",Currently Reading
9 Innings With Cal Ripken Jr.,"By Weaver, Earl and Rodriguiz, Alex",Read
A Woman's Book of Strength,"By Andes, Karen",Read
"The Ethnic Myth: Race, Ethnicity, and Class in America","By Steinberg, Stephen",Read
Anyway: The Paradoxical Commandments: Finding Personal Meaning in a Crazy World,"By Keith, Kent M.",Read
Conversations About Bernstein,"By Burton, William Westbrook (EDT)",Want to Read
"North Carolina Beaches: A Visit to National Seashores, State Parks, Ferries, Public Beaches, Wildlife Refuges, Historic Sites, Lighthouses, Boat Ramps and Docks, Museums, and","By Morris, Glenn and Glenn, Morris",Want to Read
A Singular Devotion: 366 Portraits of Singles Who Have Changed the World,"By Smith, Harold Ivan",Want to Read
Secret Language of the Soul: A Visual Exploration of the Spiritual World,"By Hope, Jane",Currently Reading
Mastering Graphics: Design and Production Made Easy,"By White, Jan",Currently Reading
Panmunjom: Facts about the Korean DMZ,By Wayne A Kirkbride,Currently Reading
Indispensable Cat,"By Suares, Jean-Claude",Read
Teach Yourself Cgi Programming With Perl 5 in a Week (Teach Yourself Series),"By Herrmann, Eric",Want to Read
Zumikon Residence,"By Gwathmey, Charles (EDT) and Gwathmey Siegel & Associates Architects (COR)",Read
A Rendezvous With Death,"By Boyd, Bill",Read
The egg-shaped thing,"By Hodder-Williams, Christopher",Currently Reading
Wild Meat and the Bully Burgers (Harvest Book),"By Yamanaka, Lois-Ann",Read
Word,"By Felske, Coerte V. W.",Currently Reading
The Brown Parrots of Providencia,"By Allen, Fergus",Read
Total Eclipse,"By Hampton, Christopher",Currently Reading
Mr. Whittier,"By Vining, Elizabeth Gray",Read
The Bottom Line Is Murder (A Viking Novel of Mystery and Suspense),"By Eversz, Robert",Read
The Four Seasons Spa Cuisine,"By Renggli, Seppi",Currently Reading
Terence Conran's do-it-yourself with style: [over thirty original designs for every room in your home],"By Conran, Terence",Want to Read
Infinite Vistas: New Tools for Astronomy,"By Cornell, James (EDT) and Carr, John (EDT)",Currently Reading
Harley Davidson Rolling Sculpture,"By Mitchel, Doug",Currently Reading
Life Lines: Holding on (and Letting Go),"By Church, F. Forrester",Currently Reading
The Elfreth Book of Letters,"By Hodge, Susan Winslow (EDT)",Read
Starting to Draw (Artist's Painting Library),"By Blake, Wendon",Want to Read
The Story of the Bible,"By Pingry, Patricia A.",Want to Read
"Arabs, Christians, Jews: They want peace now!","By Hefley, James C.",Currently Reading
At War with Ourselves: Why America Is Squandering Its Chance to Build a Better World,"By Hirsh, Michael",Read
Nijinski,"By Brighton, Catherine",Currently Reading
Israel After Begin: Israel's Options in the Aftermath of the Lebanon War,"By Gavron, Daniel",Want to Read
Caring for Cats,"By Morris, Andrew",Currently Reading
A City on the River,"By MacLeish, Roderick",Read
"New World archaeology: theoretical and cultural transformations;: Readings from Scientific American,","By Zubrow, Ezra B. W., etc., Fritz, Margaret C.",Read
Go for the Goal: Motivational Stories about Men of Achievement,"By Partner, Daniel",Read
The Illustrated Lark Rise to Candleford: A Trilogy by Flora Thompson,"By Thompson, Flora and Shuckburgh, Julian",Currently Reading
The Artist As Native: Reinventing Regionalism,"By Gussow, Alan",Read
Solving Patient Problems: Ambulatory Care (Clerkship Series),"By Bowman, Marjorie A. (EDT) and Fisher, Judith A. (EDT)",Read
"Human evolution;: An introduction to man's adaptations,","By Campbell, Bernard G",Want to Read
Dead Men Don't Marry,"By Sucher, Dorothy",Want to Read
John Stanislaus Joyce: The Voluminous Life and Genius of James Joyce's Father,"By Costello, Peter and Jackson, John Wyse",Read
To love a stranger,"By Paul, Barbara",Want to Read
The Second Shift,"By Hochschild, Arlie Russell and Machung, Anne",Currently Reading
American Wine (No. 80782),"By Meisel, Anthony C.",Want to Read
Marlene: An Intimate Photographic Memoir,"By Liberman, Alexander",Read
Legacy of the Cat,"By Stephens, Gloria and Yamazaki, Tetsu (PHT)",Want to Read
Food--Your Miracle Medicine,"By Carper, Jean",Want to Read
Joe Morgan: A Life in Baseball,"By Falkner, David and Morgan, Joe",Read
"The Age of Exuberance 1550-1700 (Making of Britain, 1066-1939)","By Reed, Michael A.",Currently Reading
Good Earth & Country Cooking,"By Groff, Betty",Want to Read
King of the Gypsies,"By Maas, Peter",Read
Cross-country ski waxing and maintenance,"By Williams, Wendy",Currently Reading
Hot Hips and Fabulous Thighs: Look Great in Just 6 Weeks,"By Darden, Ellington",Currently Reading
Deserts: Miracle of Life,"By Flegg, Jim",Read
"The Book Lover's Guide to Washington, D.C.","By Phalen, Lane",Read
Hour of the Manatee (Tony Lowell Mysteries),"By Ayres, E. C.",Want to Read
Jim Coleman's Flavors,"By Harrisson, John, Coleman, Jim, and Hagan, Candace",Currently Reading
"Homelands and Waterways: The American Journey of the Bond Family, 1846-1926","By Alexander, Adele Logan",Want to Read
"Wilson's Ghost: Reducing the Risk of Conflict, Killing, and Catastrophe in the 21st Century","By McNamara, Robert S. and Blight, James G.",Read
Civil Wars: A Battle for Gay Marriage,"By Moats, David",Read
Jane Austen (Literary Lives Series),"By Laski, Marghanita",Read
Better Homes and Gardens Annual Recipes 1998,"By Bh, G",Want to Read
This Side of Brightness,"By McCann, Colum",Currently Reading
Whitey & the Colt-Killer,"By Rounds, Glen",Read
"She Wins, You Win: The Most Important Rule Every Businesswoman Needs to Know","By Evans, Gail",Read
Spirits in the Sky: Classic Aircraft of World War II,"By Bowman, Martin W. and Bunce, Patrick (PHT)",Read
Cat Catalog: The Ultimate Cat Book,By,Currently Reading
Transformative Adventures Vacations & Retreats: An International Directory of 300+ Host Organizations,"By Benson, John",Currently Reading
"Cato Supreme Court Review, 2002-2003","By Swanson, James L.",Currently Reading
Stealing Home,"By O'Connor, Philip F.",Read
Blade Dancer,"By Viehl, S. L.",Want to Read
Humphrey Bogart,"By Benchley, Nathaniel",Read
"Joan Lunden's Healthy Living: A Practical, Inspirational Guide to Creating Balance in Your Life","By Lunden, Joan and Morton, Laura",Want to Read
Group Dynamics (Psychology),"By Forsyth, Donelson R.",Read
Professional ASP XML,"By Mohr, Stephen, Baartse, Mark (EDT), Hahn, Steven, Loesgen, Brian, Blair, Richard, Homer, Alex, Haines, Corey, Dalvi, Dinar, Slater, John, Zucca, Mario, Bolognese, Luca, Williams, Kevin, and Kropog, Bill",Want to Read
Here and Nowhere Else : Late Seasons of a Farm and Its Family (Concord Library Book),"By Brox, Jane",Read
Vital statistics,"By Chastain, Thomas",Want to Read
Wallace,"By Reese, Peter",Read
Pulling Weeds Planting Seeds: Growing Character in Your Life and Family,"By Rainey, Dennis",Want to Read
Tabloid Dreams: Stories,"By Butler, Robert Olen",Want to Read
Mickey Mantle Memorabilia (Sports Collectors Digest) The #1 Guide to #7's Memorabilia,"By Hines, Rick, Larson, Mark K., and Platta, Dave",Currently Reading
Blueprint for the Environment: A Plan for Federal Action,By,Read
The Little Secret That Can Change Your Life,"By Davis, Joann",Currently Reading
Cranmer,"By Knickmeyer, Steve",Currently Reading
Killobyte,"By Anthony, Piers",Currently Reading
Principles and Practice of Psychopharmacotherapy,"By Janicak, Philip G., Davis, John M., Preskorn, Sheldon H., M.D., and Ayd, Frank J., Jr.",Read
Photography For Dummies (For Dummies (Computer/Tech)),"By Hart, Russell and Richards, Dan",Read
Opening Financial Markets: Banking Politics on the Pacific Rim (Cornell Studies in Political Economy),"By Pauly, Louis W.",Want to Read
Your First Puppy (Your First Series),"By Carpentier, Marcel",Want to Read
Your First Puppy (Your First Series),"By Carpentier, Marcel",Want to Read
